Group,Subgroup,Time Period,Value,Low CI,High CI
By Age,18 - 29 years,1,40.8,38.3,43.4
By Age,18 - 29 years,2,43.4,39.3,47.6
By Age,18 - 29 years,3,41.0,38.9,43.2
By Age,18 - 29 years,4,38.5,36.4,40.7
By Age,18 - 29 years,5,39.6,37.2,42.1
By Age,18 - 29 years,6,39.8,37.6,42.2
By Age,18 - 29 years,7,40.9,38.8,42.9
By Age,18 - 29 years,8,41.8,39.9,43.7
By Age,18 - 29 years,9,42.2,40.0,44.4
By Age,18 - 29 years,10,39.3,37.0,41.6
By Age,18 - 29 years,11,41.5,39.3,43.8
By Age,18 - 29 years,12,41.9,39.6,44.2
By Age,18 - 29 years,13,38.7,36.8,40.5
By Age,18 - 29 years,14,36.8,35.1,38.6
By Age,18 - 29 years,15,35.6,33.7,37.5
By Age,18 - 29 years,16,36.6,34.4,38.9
By Age,18 - 29 years,17,35.7,33.3,38.1
By Age,18 - 29 years,18,41.5,38.5,44.5
By Age,18 - 29 years,19,38.9,36.0,41.9
By Age,18 - 29 years,20,38.4,36.0,40.9
By Age,18 - 29 years,21,40.1,37.7,42.5
By Age,18 - 29 years,22,33.1,31.0,35.2
By Age,18 - 29 years,23,36.7,34.2,39.4
By Age,18 - 29 years,24,36.1,33.0,39.2
By Age,18 - 29 years,25,31.2,28.8,33.8
By Age,18 - 29 years,26,30.5,28.1,33.0
By Age,18 - 29 years,27,29.9,27.6,32.3
By Age,18 - 29 years,28,26.2,23.3,29.4
By Age,18 - 29 years,29,23.6,21.4,26.0
By Age,18 - 29 years,30,24.1,21.8,26.6
By Age,18 - 29 years,31,21.8,19.2,24.5
By Age,18 - 29 years,32,23.3,20.6,26.1
By Age,18 - 29 years,33,24.6,21.2,28.2
By Age,30 - 39 years,1,41.8,40.1,43.5
By Age,30 - 39 years,2,45.1,42.9,47.2
By Age,30 - 39 years,3,44.2,42.3,46.2
By Age,30 - 39 years,4,43.9,42.3,45.5
By Age,30 - 39 years,5,45.9,44.6,47.2
By Age,30 - 39 years,6,45.1,43.5,46.8
By Age,30 - 39 years,7,45.6,43.3,47.9
By Age,30 - 39 years,8,46.4,44.7,48.2
By Age,30 - 39 years,9,47.1,45.3,48.9
By Age,30 - 39 years,10,47.3,45.6,49.1
By Age,30 - 39 years,11,47.6,45.8,49.3
By Age,30 - 39 years,12,48.2,46.4,50.0
By Age,30 - 39 years,13,40.9,39.5,42.3
By Age,30 - 39 years,14,40.8,39.2,42.4
By Age,30 - 39 years,15,39.1,37.6,40.6
By Age,30 - 39 years,16,38.4,36.9,40.0
By Age,30 - 39 years,17,38.4,36.8,40.0
By Age,30 - 39 years,18,40.2,38.1,42.4
By Age,30 - 39 years,19,41.0,39.2,42.8
By Age,30 - 39 years,20,39.9,38.5,41.4
By Age,30 - 39 years,21,41.5,39.9,43.2
By Age,30 - 39 years,22,36.7,34.6,38.7
By Age,30 - 39 years,23,38.0,36.2,39.9
By Age,30 - 39 years,24,36.5,34.7,38.3
By Age,30 - 39 years,25,33.6,32.3,34.9
By Age,30 - 39 years,26,33.4,31.6,35.2
By Age,30 - 39 years,27,31.6,29.3,34.0
By Age,30 - 39 years,28,27.2,25.5,28.9
By Age,30 - 39 years,29,25.7,24.0,27.5
By Age,30 - 39 years,30,25.3,23.6,27.2
By Age,30 - 39 years,31,24.5,22.8,26.3
By Age,30 - 39 years,32,23.0,21.6,24.5
By Age,30 - 39 years,33,22.2,20.5,24.0
By Age,40 - 49 years,1,45.6,44.0,47.2
By Age,40 - 49 years,2,46.8,44.5,49.1
By Age,40 - 49 years,3,45.7,43.7,47.7
By Age,40 - 49 years,4,47.2,45.4,48.9
By Age,40 - 49 years,5,47.4,45.8,49.0
By Age,40 - 49 years,6,47.6,45.7,49.5
By Age,40 - 49 years,7,47.1,45.3,49.0
By Age,40 - 49 years,8,47.8,45.9,49.7
By Age,40 - 49 years,9,48.7,47.0,50.5
By Age,40 - 49 years,10,47.5,45.8,49.2
By Age,40 - 49 years,11,48.6,46.8,50.4
By Age,40 - 49 years,12,47.7,45.9,49.5
By Age,40 - 49 years,13,42.3,41.1,43.5
By Age,40 - 49 years,14,40.9,39.4,42.4
By Age,40 - 49 years,15,39.8,38.1,41.5
By Age,40 - 49 years,16,38.1,36.7,39.5
By Age,40 - 49 years,17,37.8,36.0,39.6
By Age,40 - 49 years,18,36.9,35.2,38.7
By Age,40 - 49 years,19,39.0,37.4,40.6
By Age,40 - 49 years,20,41.7,39.6,43.9
By Age,40 - 49 years,21,43.4,41.7,45.2
By Age,40 - 49 years,22,38.4,36.6,40.3
By Age,40 - 49 years,23,38.4,37.0,39.8
By Age,40 - 49 years,24,35.7,34.2,37.2
By Age,40 - 49 years,25,34.1,32.6,35.8
By Age,40 - 49 years,26,31.8,30.1,33.5
By Age,40 - 49 years,27,32.9,31.4,34.5
By Age,40 - 49 years,28,26.4,24.9,27.9
By Age,40 - 49 years,29,23.7,22.4,25.0
By Age,40 - 49 years,30,22.2,20.5,24.0
By Age,40 - 49 years,31,20.5,19.0,22.1
By Age,40 - 49 years,32,22.2,20.7,23.7
By Age,40 - 49 years,33,19.9,18.6,21.3
By Age,50 - 59 years,1,46.0,44.5,47.5
By Age,50 - 59 years,2,49.5,47.0,52.1
By Age,50 - 59 years,3,48.7,47.0,50.5
By Age,50 - 59 years,4,49.8,47.8,51.8
By Age,50 - 59 years,5,49.9,48.5,51.3
By Age,50 - 59 years,6,47.2,45.4,49.0
By Age,50 - 59 years,7,47.1,45.1,49.2
By Age,50 - 59 years,8,50.2,48.4,52.1
By Age,50 - 59 years,9,49.4,47.7,51.0
By Age,50 - 59 years,10,47.6,45.5,49.8
By Age,50 - 59 years,11,49.1,47.3,50.9
By Age,50 - 59 years,12,46.9,45.2,48.6
By Age,50 - 59 years,13,42.4,41.0,43.9
By Age,50 - 59 years,14,39.4,38.1,40.8
By Age,50 - 59 years,15,38.4,36.9,39.9
By Age,50 - 59 years,16,37.0,35.7,38.3
By Age,50 - 59 years,17,38.7,37.1,40.3
By Age,50 - 59 years,18,37.0,34.9,39.1
By Age,50 - 59 years,19,37.2,35.5,39.0
By Age,50 - 59 years,20,40.2,38.4,42.0
By Age,50 - 59 years,21,41.9,40.5,43.3
By Age,50 - 59 years,22,38.6,37.1,40.1
By Age,50 - 59 years,23,37.8,36.5,39.2
By Age,50 - 59 years,24,36.2,35.0,37.5
By Age,50 - 59 years,25,34.1,32.6,35.7
By Age,50 - 59 years,26,32.3,31.0,33.7
By Age,50 - 59 years,27,29.5,27.9,31.1
By Age,50 - 59 years,28,25.4,24.0,26.9
By Age,50 - 59 years,29,24.8,23.3,26.3
By Age,50 - 59 years,30,22.5,21.2,23.8
By Age,50 - 59 years,31,22.1,20.6,23.6
By Age,50 - 59 years,32,20.4,18.8,22.0
By Age,50 - 59 years,33,19.0,17.3,20.8
By Age,60 - 69 years,1,46.4,44.8,48.1
By Age,60 - 69 years,2,44.2,41.3,47.1
By Age,60 - 69 years,3,46.6,44.5,48.7
By Age,60 - 69 years,4,46.9,44.8,49.0
By Age,60 - 69 years,5,46.9,45.2,48.6
By Age,60 - 69 years,6,45.2,43.1,47.3
By Age,60 - 69 years,7,46.5,44.2,48.9
By Age,60 - 69 years,8,44.8,42.9,46.7
By Age,60 - 69 years,9,45.5,43.8,47.3
By Age,60 - 69 years,10,44.7,42.6,46.7
By Age,60 - 69 years,11,44.6,42.5,46.7
By Age,60 - 69 years,12,42.8,40.7,44.9
By Age,60 - 69 years,13,36.7,35.6,37.8
By Age,60 - 69 years,14,36.0,34.5,37.5
By Age,60 - 69 years,15,33.8,32.2,35.4
By Age,60 - 69 years,16,32.5,30.9,34.1
By Age,60 - 69 years,17,32.4,31.0,33.9
By Age,60 - 69 years,18,33.1,31.5,34.7
By Age,60 - 69 years,19,34.3,32.7,35.8
By Age,60 - 69 years,20,33.3,32.0,34.7
By Age,60 - 69 years,21,37.1,35.4,38.9
By Age,60 - 69 years,22,34.3,32.8,35.8
By Age,60 - 69 years,23,33.0,31.3,34.7
By Age,60 - 69 years,24,32.4,30.7,34.2
By Age,60 - 69 years,25,31.6,30.1,33.1
By Age,60 - 69 years,26,29.3,27.8,30.9
By Age,60 - 69 years,27,26.6,25.1,28.1
By Age,60 - 69 years,28,21.1,20.0,22.3
By Age,60 - 69 years,29,20.9,19.5,22.4
By Age,60 - 69 years,30,18.5,17.2,20.0
By Age,60 - 69 years,31,18.3,16.9,19.8
By Age,60 - 69 years,32,16.3,15.1,17.7
By Age,60 - 69 years,33,14.9,13.6,16.2
By Age,70 - 79 years,1,42.2,40.4,44.1
By Age,70 - 79 years,2,41.3,38.6,44.0
By Age,70 - 79 years,3,41.0,38.0,44.2
By Age,70 - 79 years,4,41.8,39.0,44.7
By Age,70 - 79 years,5,42.3,40.1,44.5
By Age,70 - 79 years,6,41.2,38.7,43.8
By Age,70 - 79 years,7,40.7,37.8,43.7
By Age,70 - 79 years,8,41.0,38.1,44.0
By Age,70 - 79 years,9,40.8,38.4,43.2
By Age,70 - 79 years,10,38.7,35.8,41.6
By Age,70 - 79 years,11,37.0,34.5,39.5
By Age,70 - 79 years,12,37.3,34.9,39.8
By Age,70 - 79 years,13,33.6,31.9,35.3
By Age,70 - 79 years,14,30.7,28.8,32.6
By Age,70 - 79 years,15,29.7,27.9,31.6
By Age,70 - 79 years,16,29.4,27.1,31.6
By Age,70 - 79 years,17,27.4,25.9,29.0
By Age,70 - 79 years,18,26.8,24.4,29.4
By Age,70 - 79 years,19,31.5,28.9,34.2
By Age,70 - 79 years,20,26.8,25.1,28.5
By Age,70 - 79 years,21,30.8,28.7,33.0
By Age,70 - 79 years,22,30.4,28.4,32.5
By Age,70 - 79 years,23,28.8,26.8,30.9
By Age,70 - 79 years,24,26.2,24.8,27.6
By Age,70 - 79 years,25,25.0,23.5,26.7
By Age,70 - 79 years,26,24.5,22.4,26.6
By Age,70 - 79 years,27,21.3,19.6,23.1
By Age,70 - 79 years,28,17.7,16.3,19.1
By Age,70 - 79 years,29,15.4,14.0,16.9
By Age,70 - 79 years,30,15.9,14.4,17.4
By Age,70 - 79 years,31,13.0,11.6,14.6
By Age,70 - 79 years,32,11.8,10.2,13.6
By Age,70 - 79 years,33,11.6,10.1,13.1
By Age,80 years and above,1,35.6,30.7,40.8
By Age,80 years and above,2,47.8,42.2,53.5
By Age,80 years and above,3,43.7,37.9,49.6
By Age,80 years and above,4,45.0,39.2,50.9
By Age,80 years and above,5,40.3,34.8,46.1
By Age,80 years and above,6,37.9,32.0,44.1
By Age,80 years and above,7,41.2,35.4,47.2
By Age,80 years and above,8,37.3,32.0,42.9
By Age,80 years and above,9,34.6,29.1,40.4
By Age,80 years and above,10,37.2,31.5,43.1
By Age,80 years and above,11,35.3,29.6,41.4
By Age,80 years and above,12,29.7,25.4,34.3
By Age,80 years and above,13,25.4,22.5,28.5
By Age,80 years and above,14,27.9,23.3,33.0
By Age,80 years and above,15,29.8,25.0,34.8
By Age,80 years and above,16,24.0,19.6,28.8
By Age,80 years and above,17,22.0,17.6,26.9
By Age,80 years and above,18,20.9,16.4,26.0
By Age,80 years and above,19,25.5,21.3,30.1
By Age,80 years and above,20,26.7,22.4,31.4
By Age,80 years and above,21,30.2,25.2,35.5
By Age,80 years and above,22,24.9,21.4,28.6
By Age,80 years and above,23,25.7,22.7,28.9
By Age,80 years and above,24,25.8,22.0,29.9
By Age,80 years and above,25,22.2,19.3,25.3
By Age,80 years and above,26,25.5,20.3,31.2
By Age,80 years and above,27,19.8,15.7,24.3
By Age,80 years and above,28,15.0,11.7,18.9
By Age,80 years and above,29,15.9,11.4,21.2
By Age,80 years and above,30,14.8,11.4,18.8
By Age,80 years and above,31,11.0,8.4,14.1
By Age,80 years and above,32,9.1,6.5,12.3
By Age,80 years and above,33,11.0,8.0,14.6
By Disability status,With disability,28,40.0,38.0,42.0
By Disability status,With disability,29,40.2,37.8,42.6
By Disability status,With disability,30,37.8,35.6,40.1
By Disability status,With disability,31,36.3,34.5,38.1
By Disability status,With disability,32,34.7,32.3,37.1
By Disability status,With disability,33,34.0,31.6,36.5
By Disability status,Without disability,28,21.5,20.9,22.0
By Disability status,Without disability,29,19.8,19.2,20.5
By Disability status,Without disability,30,18.9,18.2,19.6
By Disability status,Without disability,31,17.8,17.1,18.5
By Disability status,Without disability,32,17.2,16.6,17.8
By Disability status,Without disability,33,16.2,15.4,17.0
By Education,Bachelor's degree or higher,1,47.6,46.7,48.5
By Education,Bachelor's degree or higher,2,48.9,47.7,50.1
By Education,Bachelor's degree or higher,3,48.1,47.0,49.3
By Education,Bachelor's degree or higher,4,47.5,46.5,48.6
By Education,Bachelor's degree or higher,5,47.9,47.1,48.6
By Education,Bachelor's degree or higher,6,46.5,45.7,47.4
By Education,Bachelor's degree or higher,7,48.4,47.1,49.7
By Education,Bachelor's degree or higher,8,46.4,45.2,47.5
By Education,Bachelor's degree or higher,9,46.8,45.9,47.7
By Education,Bachelor's degree or higher,10,46.8,45.7,47.8
By Education,Bachelor's degree or higher,11,47.0,45.9,48.0
By Education,Bachelor's degree or higher,12,46.2,45.1,47.3
By Education,Bachelor's degree or higher,13,41.5,40.8,42.2
By Education,Bachelor's degree or higher,14,39.5,39.0,40.0
By Education,Bachelor's degree or higher,15,38.7,37.9,39.5
By Education,Bachelor's degree or higher,16,36.8,36.1,37.6
By Education,Bachelor's degree or higher,17,36.4,35.5,37.3
By Education,Bachelor's degree or higher,18,35.9,35.0,36.9
By Education,Bachelor's degree or higher,19,36.5,35.5,37.4
By Education,Bachelor's degree or higher,20,36.9,36.1,37.7
By Education,Bachelor's degree or higher,21,39.3,38.3,40.2
By Education,Bachelor's degree or higher,22,36.0,35.0,36.9
By Education,Bachelor's degree or higher,23,36.3,35.5,37.1
By Education,Bachelor's degree or higher,24,34.8,34.1,35.6
By Education,Bachelor's degree or higher,25,32.8,31.9,33.7
By Education,Bachelor's degree or higher,26,30.5,29.7,31.4
By Education,Bachelor's degree or higher,27,28.4,27.6,29.2
By Education,Bachelor's degree or higher,28,23.8,23.1,24.5
By Education,Bachelor's degree or higher,29,21.7,21.0,22.4
By Education,Bachelor's degree or higher,30,20.5,19.7,21.3
By Education,Bachelor's degree or higher,31,18.8,18.0,19.7
By Education,Bachelor's degree or higher,32,17.3,16.7,18.0
By Education,Bachelor's degree or higher,33,16.2,15.4,17.0
By Education,High school diploma or GED,1,39.4,38.0,40.8
By Education,High school diploma or GED,2,40.7,38.1,43.3
By Education,High school diploma or GED,3,39.7,38.1,41.2
By Education,High school diploma or GED,4,41.2,39.5,42.8
By Education,High school diploma or GED,5,40.9,39.5,42.5
By Education,High school diploma or GED,6,40.2,38.3,42.2
By Education,High school diploma or GED,7,39.9,38.1,41.6
By Education,High school diploma or GED,8,41.9,40.0,43.9
By Education,High school diploma or GED,9,42.2,40.5,43.9
By Education,High school diploma or GED,10,39.6,38.1,41.1
By Education,High school diploma or GED,11,39.7,37.9,41.4
By Education,High school diploma or GED,12,41.4,39.3,43.4
By Education,High school diploma or GED,13,33.2,31.9,34.5
By Education,High school diploma or GED,14,33.2,31.5,35.0
By Education,High school diploma or GED,15,31.5,30.1,32.9
By Education,High school diploma or GED,16,30.9,29.3,32.5
By Education,High school diploma or GED,17,31.1,29.6,32.8
By Education,High school diploma or GED,18,31.9,30.1,33.8
By Education,High school diploma or GED,19,35.3,33.5,37.1
By Education,High school diploma or GED,20,33.9,31.9,35.9
By Education,High school diploma or GED,21,36.0,34.1,38.0
By Education,High school diploma or GED,22,30.3,28.5,32.2
By Education,High school diploma or GED,23,31.5,30.0,33.0
By Education,High school diploma or GED,24,30.2,28.5,31.9
By Education,High school diploma or GED,25,28.1,26.4,29.8
By Education,High school diploma or GED,26,26.3,24.8,27.9
By Education,High school diploma or GED,27,25.9,24.4,27.5
By Education,High school diploma or GED,28,20.3,18.9,21.7
By Education,High school diploma or GED,29,19.6,17.9,21.4
By Education,High school diploma or GED,30,18.9,17.6,20.3
By Education,High school diploma or GED,31,18.3,16.8,19.8
By Education,High school diploma or GED,32,18.7,17.2,20.3
By Education,High school diploma or GED,33,17.6,16.3,19.0
By Education,Less than a high school diploma,1,40.9,36.0,46.0
By Education,Less than a high school diploma,2,38.1,31.9,44.5
By Education,Less than a high school diploma,3,41.1,37.7,44.6
By Education,Less than a high school diploma,4,45.9,41.6,50.2
By Education,Less than a high school diploma,5,42.1,38.2,46.0
By Education,Less than a high school diploma,6,40.8,35.7,46.1
By Education,Less than a high school diploma,7,34.1,30.4,37.8
By Education,Less than a high school diploma,8,42.8,39.2,46.5
By Education,Less than a high school diploma,9,45.8,42.1,49.6
By Education,Less than a high school diploma,10,41.2,36.8,45.6
By Education,Less than a high school diploma,11,41.7,37.7,45.7
By Education,Less than a high school diploma,12,38.0,34.1,41.9
By Education,Less than a high school diploma,13,41.6,38.5,44.6
By Education,Less than a high school diploma,14,36.6,32.6,40.7
By Education,Less than a high school diploma,15,35.5,31.7,39.3
By Education,Less than a high school diploma,16,36.9,33.4,40.6
By Education,Less than a high school diploma,17,35.8,31.5,40.2
By Education,Less than a high school diploma,18,39.6,34.3,45.1
By Education,Less than a high school diploma,19,40.2,35.5,44.9
By Education,Less than a high school diploma,20,41.2,35.9,46.7
By Education,Less than a high school diploma,21,44.7,39.9,49.7
By Education,Less than a high school diploma,22,40.1,36.4,43.9
By Education,Less than a high school diploma,23,36.2,31.7,40.9
By Education,Less than a high school diploma,24,34.4,30.8,38.0
By Education,Less than a high school diploma,25,30.6,27.4,33.9
By Education,Less than a high school diploma,26,36.0,30.9,41.4
By Education,Less than a high school diploma,27,34.3,29.7,39.1
By Education,Less than a high school diploma,28,29.3,25.0,33.8
By Education,Less than a high school diploma,29,28.3,23.7,33.3
By Education,Less than a high school diploma,30,26.3,21.3,31.7
By Education,Less than a high school diploma,31,31.1,26.0,36.6
By Education,Less than a high school diploma,32,23.5,19.3,28.2
By Education,Less than a high school diploma,33,25.0,20.0,30.6
By Education,Some college/Associate's degree,1,44.7,43.6,45.9
By Education,Some college/Associate's degree,2,48.6,46.8,50.5
By Education,Some college/Associate's degree,3,47.2,45.7,48.8
By Education,Some college/Associate's degree,4,45.7,44.3,47.1
By Education,Some college/Associate's degree,5,48.3,47.2,49.5
By Education,Some college/Associate's degree,6,47.5,46.1,49.0
By Education,Some college/Associate's degree,7,49.2,47.5,50.8
By Education,Some college/Associate's degree,8,48.8,47.5,50.0
By Education,Some college/Associate's degree,9,47.8,46.5,49.1
By Education,Some college/Associate's degree,10,47.7,46.5,48.9
By Education,Some college/Associate's degree,11,49.2,48.0,50.5
By Education,Some college/Associate's degree,12,47.1,45.8,48.4
By Education,Some college/Associate's degree,13,41.7,40.9,42.5
By Education,Some college/Associate's degree,14,40.3,39.3,41.3
By Education,Some college/Associate's degree,15,38.7,37.8,39.6
By Education,Some college/Associate's degree,16,37.9,37.0,38.8
By Education,Some college/Associate's degree,17,37.7,36.6,38.8
By Education,Some college/Associate's degree,18,39.2,37.9,40.6
By Education,Some college/Associate's degree,19,38.7,37.5,39.8
By Education,Some college/Associate's degree,20,39.8,38.6,41.1
By Education,Some college/Associate's degree,21,41.8,40.6,42.9
By Education,Some college/Associate's degree,22,38.2,37.1,39.4
By Education,Some college/Associate's degree,23,38.6,37.4,39.8
By Education,Some college/Associate's degree,24,37.1,35.8,38.3
By Education,Some college/Associate's degree,25,34.6,33.5,35.7
By Education,Some college/Associate's degree,26,33.3,32.2,34.5
By Education,Some college/Associate's degree,27,30.8,29.6,32.0
By Education,Some college/Associate's degree,28,26.6,25.5,27.6
By Education,Some college/Associate's degree,29,24.9,24.0,25.8
By Education,Some college/Associate's degree,30,24.0,22.8,25.2
By Education,Some college/Associate's degree,31,21.3,20.4,22.2
By Education,Some college/Associate's degree,32,22.0,20.8,23.1
By Education,Some college/Associate's degree,33,20.9,19.8,22.1
By Race/Hispanic ethnicity,Hispanic or Latino,1,41.3,39.0,43.6
By Race/Hispanic ethnicity,Hispanic or Latino,2,40.7,36.5,44.9
By Race/Hispanic ethnicity,Hispanic or Latino,3,42.2,39.5,44.9
By Race/Hispanic ethnicity,Hispanic or Latino,4,43.4,40.9,46.0
By Race/Hispanic ethnicity,Hispanic or Latino,5,42.8,40.2,45.4
By Race/Hispanic ethnicity,Hispanic or Latino,6,44.5,42.1,46.8
By Race/Hispanic ethnicity,Hispanic or Latino,7,42.3,39.9,44.7
By Race/Hispanic ethnicity,Hispanic or Latino,8,46.8,44.6,49.0
By Race/Hispanic ethnicity,Hispanic or Latino,9,44.4,42.1,46.8
By Race/Hispanic ethnicity,Hispanic or Latino,10,42.4,40.3,44.5
By Race/Hispanic ethnicity,Hispanic or Latino,11,44.7,42.1,47.4
By Race/Hispanic ethnicity,Hispanic or Latino,12,42.9,40.6,45.2
By Race/Hispanic ethnicity,Hispanic or Latino,13,42.5,40.7,44.4
By Race/Hispanic ethnicity,Hispanic or Latino,14,40.9,38.5,43.4
By Race/Hispanic ethnicity,Hispanic or Latino,15,40.5,38.2,42.9
By Race/Hispanic ethnicity,Hispanic or Latino,16,40.1,37.3,43.0
By Race/Hispanic ethnicity,Hispanic or Latino,17,39.7,37.2,42.1
By Race/Hispanic ethnicity,Hispanic or Latino,18,44.3,41.3,47.4
By Race/Hispanic ethnicity,Hispanic or Latino,19,44.7,42.0,47.5
By Race/Hispanic ethnicity,Hispanic or Latino,20,42.0,39.6,44.5
By Race/Hispanic ethnicity,Hispanic or Latino,21,42.9,40.6,45.2
By Race/Hispanic ethnicity,Hispanic or Latino,22,38.4,36.0,40.8
By Race/Hispanic ethnicity,Hispanic or Latino,23,39.7,37.0,42.6
By Race/Hispanic ethnicity,Hispanic or Latino,24,38.3,36.0,40.7
By Race/Hispanic ethnicity,Hispanic or Latino,25,34.6,32.2,37.0
By Race/Hispanic ethnicity,Hispanic or Latino,26,34.6,32.4,36.9
By Race/Hispanic ethnicity,Hispanic or Latino,27,34.4,31.6,37.3
By Race/Hispanic ethnicity,Hispanic or Latino,28,30.7,28.2,33.2
By Race/Hispanic ethnicity,Hispanic or Latino,29,27.3,24.9,29.8
By Race/Hispanic ethnicity,Hispanic or Latino,30,28.0,25.3,30.9
By Race/Hispanic ethnicity,Hispanic or Latino,31,26.8,24.6,29.0
By Race/Hispanic ethnicity,Hispanic or Latino,32,26.5,23.8,29.2
By Race/Hispanic ethnicity,Hispanic or Latino,33,24.2,21.4,27.1
By Race/Hispanic ethnicity,"Non-Hispanic Asian, single race",1,37.8,34.5,41.2
By Race/Hispanic ethnicity,"Non-Hispanic Asian, single race",2,37.1,32.0,42.4
By Race/Hispanic ethnicity,"Non-Hispanic Asian, single race",3,36.5,33.1,40.0
By Race/Hispanic ethnicity,"Non-Hispanic Asian, single race",4,38.4,35.1,41.7
By Race/Hispanic ethnicity,"Non-Hispanic Asian, single race",5,41.1,38.1,44.2
By Race/Hispanic ethnicity,"Non-Hispanic Asian, single race",6,37.2,33.1,41.5
By Race/Hispanic ethnicity,"Non-Hispanic Asian, single race",7,40.2,36.3,44.3
By Race/Hispanic ethnicity,"Non-Hispanic Asian, single race",8,40.4,37.2,43.8
By Race/Hispanic ethnicity,"Non-Hispanic Asian, single race",9,40.9,37.3,44.5
By Race/Hispanic ethnicity,"Non-Hispanic Asian, single race",10,37.8,34.4,41.3
By Race/Hispanic ethnicity,"Non-Hispanic Asian, single race",11,46.0,42.4,49.6
By Race/Hispanic ethnicity,"Non-Hispanic Asian, single race",12,39.7,36.2,43.4
By Race/Hispanic ethnicity,"Non-Hispanic Asian, single race",13,34.8,32.5,37.0
By Race/Hispanic ethnicity,"Non-Hispanic Asian, single race",14,38.7,36.5,41.0
By Race/Hispanic ethnicity,"Non-Hispanic Asian, single race",15,37.3,35.2,39.4
By Race/Hispanic ethnicity,"Non-Hispanic Asian, single race",16,38.1,35.6,40.7
By Race/Hispanic ethnicity,"Non-Hispanic Asian, single race",17,35.8,32.8,38.9
By Race/Hispanic ethnicity,"Non-Hispanic Asian, single race",18,37.7,34.0,41.6
By Race/Hispanic ethnicity,"Non-Hispanic Asian, single race",19,33.9,30.4,37.5
By Race/Hispanic ethnicity,"Non-Hispanic Asian, single race",20,35.9,32.5,39.5
By Race/Hispanic ethnicity,"Non-Hispanic Asian, single race",21,36.5,33.0,40.2
By Race/Hispanic ethnicity,"Non-Hispanic Asian, single race",22,34.0,30.9,37.1
By Race/Hispanic ethnicity,"Non-Hispanic Asian, single race",23,36.3,33.2,39.5
By Race/Hispanic ethnicity,"Non-Hispanic Asian, single race",24,37.3,34.0,40.6
By Race/Hispanic ethnicity,"Non-Hispanic Asian, single race",25,32.0,29.2,34.8
By Race/Hispanic ethnicity,"Non-Hispanic Asian, single race",26,31.7,28.8,34.7
By Race/Hispanic ethnicity,"Non-Hispanic Asian, single race",27,31.6,28.5,34.7
By Race/Hispanic ethnicity,"Non-Hispanic Asian, single race",28,29.8,27.0,32.6
By Race/Hispanic ethnicity,"Non-Hispanic Asian, single race",29,24.8,22.5,27.3
By Race/Hispanic ethnicity,"Non-Hispanic Asian, single race",30,25.5,22.8,28.4
By Race/Hispanic ethnicity,"Non-Hispanic Asian, single race",31,22.2,19.7,24.9
By Race/Hispanic ethnicity,"Non-Hispanic Asian, single race",32,23.2,20.2,26.3
By Race/Hispanic ethnicity,"Non-Hispanic Asian, single race",33,20.9,17.3,24.8
By Race/Hispanic ethnicity,"Non-Hispanic Black, single race",1,42.5,40.3,44.8
By Race/Hispanic ethnicity,"Non-Hispanic Black, single race",2,48.7,44.5,52.9
By Race/Hispanic ethnicity,"Non-Hispanic Black, single race",3,44.7,42.5,46.8
By Race/Hispanic ethnicity,"Non-Hispanic Black, single race",4,42.7,40.1,45.3
By Race/Hispanic ethnicity,"Non-Hispanic Black, single race",5,43.3,41.0,45.6
By Race/Hispanic ethnicity,"Non-Hispanic Black, single race",6,43.8,41.6,46.1
By Race/Hispanic ethnicity,"Non-Hispanic Black, single race",7,43.5,40.8,46.3
By Race/Hispanic ethnicity,"Non-Hispanic Black, single race",8,43.8,41.6,45.9
By Race/Hispanic ethnicity,"Non-Hispanic Black, single race",9,44.2,41.4,47.0
By Race/Hispanic ethnicity,"Non-Hispanic Black, single race",10,44.6,42.4,46.8
By Race/Hispanic ethnicity,"Non-Hispanic Black, single race",11,45.0,42.4,47.5
By Race/Hispanic ethnicity,"Non-Hispanic Black, single race",12,45.2,42.9,47.6
By Race/Hispanic ethnicity,"Non-Hispanic Black, single race",13,40.3,38.3,42.2
By Race/Hispanic ethnicity,"Non-Hispanic Black, single race",14,38.3,36.3,40.4
By Race/Hispanic ethnicity,"Non-Hispanic Black, single race",15,36.3,34.0,38.7
By Race/Hispanic ethnicity,"Non-Hispanic Black, single race",16,35.3,33.1,37.5
By Race/Hispanic ethnicity,"Non-Hispanic Black, single race",17,36.7,34.3,39.3
By Race/Hispanic ethnicity,"Non-Hispanic Black, single race",18,36.6,33.2,40.1
By Race/Hispanic ethnicity,"Non-Hispanic Black, single race",19,37.8,34.6,41.1
By Race/Hispanic ethnicity,"Non-Hispanic Black, single race",20,36.1,33.4,38.8
By Race/Hispanic ethnicity,"Non-Hispanic Black, single race",21,40.9,37.8,44.1
By Race/Hispanic ethnicity,"Non-Hispanic Black, single race",22,35.3,32.2,38.4
By Race/Hispanic ethnicity,"Non-Hispanic Black, single race",23,34.4,32.0,36.9
By Race/Hispanic ethnicity,"Non-Hispanic Black, single race",24,33.1,30.4,35.8
By Race/Hispanic ethnicity,"Non-Hispanic Black, single race",25,32.4,30.0,34.8
By Race/Hispanic ethnicity,"Non-Hispanic Black, single race",26,30.8,28.1,33.5
By Race/Hispanic ethnicity,"Non-Hispanic Black, single race",27,28.5,26.3,30.9
By Race/Hispanic ethnicity,"Non-Hispanic Black, single race",28,23.3,21.4,25.3
By Race/Hispanic ethnicity,"Non-Hispanic Black, single race",29,24.2,22.0,26.5
By Race/Hispanic ethnicity,"Non-Hispanic Black, single race",30,24.4,22.2,26.6
By Race/Hispanic ethnicity,"Non-Hispanic Black, single race",31,21.9,19.9,24.0
By Race/Hispanic ethnicity,"Non-Hispanic Black, single race",32,22.6,20.3,25.0
By Race/Hispanic ethnicity,"Non-Hispanic Black, single race",33,21.6,19.5,23.9
By Race/Hispanic ethnicity,"Non-Hispanic White, single race",1,44.6,44.0,45.3
By Race/Hispanic ethnicity,"Non-Hispanic White, single race",2,46.4,45.4,47.3
By Race/Hispanic ethnicity,"Non-Hispanic White, single race",3,45.8,44.9,46.8
By Race/Hispanic ethnicity,"Non-Hispanic White, single race",4,45.8,44.8,46.9
By Race/Hispanic ethnicity,"Non-Hispanic White, single race",5,46.4,45.5,47.3
By Race/Hispanic ethnicity,"Non-Hispanic White, single race",6,44.5,43.5,45.5
By Race/Hispanic ethnicity,"Non-Hispanic White, single race",7,45.7,44.7,46.7
By Race/Hispanic ethnicity,"Non-Hispanic White, single race",8,45.5,44.3,46.6
By Race/Hispanic ethnicity,"Non-Hispanic White, single race",9,45.9,45.1,46.8
By Race/Hispanic ethnicity,"Non-Hispanic White, single race",10,45.2,44.2,46.1
By Race/Hispanic ethnicity,"Non-Hispanic White, single race",11,44.4,43.5,45.3
By Race/Hispanic ethnicity,"Non-Hispanic White, single race",12,44.4,43.3,45.4
By Race/Hispanic ethnicity,"Non-Hispanic White, single race",13,38.1,37.6,38.7
By Race/Hispanic ethnicity,"Non-Hispanic White, single race",14,36.2,35.4,37.1
By Race/Hispanic ethnicity,"Non-Hispanic White, single race",15,34.8,34.2,35.4
By Race/Hispanic ethnicity,"Non-Hispanic White, single race",16,33.6,32.9,34.3
By Race/Hispanic ethnicity,"Non-Hispanic White, single race",17,33.3,32.4,34.1
By Race/Hispanic ethnicity,"Non-Hispanic White, single race",18,33.3,32.6,34.0
By Race/Hispanic ethnicity,"Non-Hispanic White, single race",19,35.1,34.2,36.0
By Race/Hispanic ethnicity,"Non-Hispanic White, single race",20,35.8,35.0,36.5
By Race/Hispanic ethnicity,"Non-Hispanic White, single race",21,37.8,37.0,38.7
By Race/Hispanic ethnicity,"Non-Hispanic White, single race",22,34.2,33.5,35.0
By Race/Hispanic ethnicity,"Non-Hispanic White, single race",23,34.4,33.6,35.2
By Race/Hispanic ethnicity,"Non-Hispanic White, single race",24,32.6,31.7,33.4
By Race/Hispanic ethnicity,"Non-Hispanic White, single race",25,30.7,30.0,31.4
By Race/Hispanic ethnicity,"Non-Hispanic White, single race",26,28.9,28.1,29.7
By Race/Hispanic ethnicity,"Non-Hispanic White, single race",27,26.9,26.1,27.7
By Race/Hispanic ethnicity,"Non-Hispanic White, single race",28,21.8,21.1,22.4
By Race/Hispanic ethnicity,"Non-Hispanic White, single race",29,20.5,19.8,21.2
By Race/Hispanic ethnicity,"Non-Hispanic White, single race",30,18.8,18.1,19.6
By Race/Hispanic ethnicity,"Non-Hispanic White, single race",31,17.5,16.8,18.2
By Race/Hispanic ethnicity,"Non-Hispanic White, single race",32,16.8,16.2,17.4
By Race/Hispanic ethnicity,"Non-Hispanic White, single race",33,16.3,15.6,17.0
By Race/Hispanic ethnicity,"Non-Hispanic, other races and multiple races",1,49.2,45.6,52.8
By Race/Hispanic ethnicity,"Non-Hispanic, other races and multiple races",2,56.2,50.9,61.5
By Race/Hispanic ethnicity,"Non-Hispanic, other races and multiple races",3,50.6,46.8,54.4
By Race/Hispanic ethnicity,"Non-Hispanic, other races and multiple races",4,52.0,48.6,55.4
By Race/Hispanic ethnicity,"Non-Hispanic, other races and multiple races",5,54.3,50.2,58.3
By Race/Hispanic ethnicity,"Non-Hispanic, other races and multiple races",6,54.6,50.0,59.1
By Race/Hispanic ethnicity,"Non-Hispanic, other races and multiple races",7,53.5,49.6,57.4
By Race/Hispanic ethnicity,"Non-Hispanic, other races and multiple races",8,51.9,48.0,55.8
By Race/Hispanic ethnicity,"Non-Hispanic, other races and multiple races",9,56.6,53.2,60.0
By Race/Hispanic ethnicity,"Non-Hispanic, other races and multiple races",10,49.4,45.2,53.7
By Race/Hispanic ethnicity,"Non-Hispanic, other races and multiple races",11,56.1,53.0,59.3
By Race/Hispanic ethnicity,"Non-Hispanic, other races and multiple races",12,53.2,49.4,57.1
By Race/Hispanic ethnicity,"Non-Hispanic, other races and multiple races",13,44.4,41.5,47.3
By Race/Hispanic ethnicity,"Non-Hispanic, other races and multiple races",14,45.9,42.6,49.3
By Race/Hispanic ethnicity,"Non-Hispanic, other races and multiple races",15,44.7,41.9,47.5
By Race/Hispanic ethnicity,"Non-Hispanic, other races and multiple races",16,44.5,41.1,48.0
By Race/Hispanic ethnicity,"Non-Hispanic, other races and multiple races",17,45.6,41.7,49.6
By Race/Hispanic ethnicity,"Non-Hispanic, other races and multiple races",18,44.6,40.4,49.0
By Race/Hispanic ethnicity,"Non-Hispanic, other races and multiple races",19,40.2,36.3,44.2
By Race/Hispanic ethnicity,"Non-Hispanic, other races and multiple races",20,45.4,41.9,49.0
By Race/Hispanic ethnicity,"Non-Hispanic, other races and multiple races",21,52.4,48.5,56.2
By Race/Hispanic ethnicity,"Non-Hispanic, other races and multiple races",22,43.4,39.0,47.9
By Race/Hispanic ethnicity,"Non-Hispanic, other races and multiple races",23,41.5,37.6,45.5
By Race/Hispanic ethnicity,"Non-Hispanic, other races and multiple races",24,41.6,37.6,45.7
By Race/Hispanic ethnicity,"Non-Hispanic, other races and multiple races",25,38.4,34.9,42.1
By Race/Hispanic ethnicity,"Non-Hispanic, other races and multiple races",26,40.7,37.5,44.0
By Race/Hispanic ethnicity,"Non-Hispanic, other races and multiple races",27,37.7,34.1,41.4
By Race/Hispanic ethnicity,"Non-Hispanic, other races and multiple races",28,30.3,26.9,34.0
By Race/Hispanic ethnicity,"Non-Hispanic, other races and multiple races",29,29.8,26.4,33.4
By Race/Hispanic ethnicity,"Non-Hispanic, other races and multiple races",30,27.5,24.2,31.0
By Race/Hispanic ethnicity,"Non-Hispanic, other races and multiple races",31,32.0,29.0,35.1
By Race/Hispanic ethnicity,"Non-Hispanic, other races and multiple races",32,25.4,22.3,28.6
By Race/Hispanic ethnicity,"Non-Hispanic, other races and multiple races",33,25.5,21.9,29.4
By Sex,Female,1,47.1,46.1,48.1
By Sex,Female,2,48.7,47.5,49.8
By Sex,Female,3,48.1,47.0,49.2
By Sex,Female,4,48.3,47.2,49.5
By Sex,Female,5,49.6,48.8,50.4
By Sex,Female,6,49.2,48.0,50.4
By Sex,Female,7,48.6,47.5,49.6
By Sex,Female,8,48.6,47.4,49.8
By Sex,Female,9,49.2,48.2,50.1
By Sex,Female,10,48.4,47.3,49.5
By Sex,Female,11,48.6,47.5,49.7
By Sex,Female,12,48.3,47.2,49.4
By Sex,Female,13,42.7,41.9,43.6
By Sex,Female,14,40.9,39.9,41.8
By Sex,Female,15,40.1,39.2,41.1
By Sex,Female,16,38.9,38.0,39.8
By Sex,Female,17,38.1,37.0,39.1
By Sex,Female,18,39.6,38.5,40.6
By Sex,Female,19,40.0,39.0,40.9
By Sex,Female,20,39.9,38.8,41.0
By Sex,Female,21,42.1,41.1,43.1
By Sex,Female,22,38.1,37.1,39.1
By Sex,Female,23,38.4,37.3,39.5
By Sex,Female,24,37.0,36.2,37.8
By Sex,Female,25,34.4,33.7,35.1
By Sex,Female,26,33.6,32.6,34.6
By Sex,Female,27,30.3,29.4,31.2
By Sex,Female,28,26.1,25.1,27.2
By Sex,Female,29,24.3,23.4,25.2
By Sex,Female,30,23.7,22.9,24.6
By Sex,Female,31,22.0,21.2,22.9
By Sex,Female,32,20.8,20.0,21.6
By Sex,Female,33,20.3,19.5,21.2
By Sex,Male,1,40.1,39.1,41.2
By Sex,Male,2,42.2,40.4,44.1
By Sex,Male,3,41.3,40.0,42.7
By Sex,Male,4,41.3,40.0,42.6
By Sex,Male,5,41.2,40.0,42.3
By Sex,Male,6,39.5,38.1,40.8
By Sex,Male,7,41.0,39.7,42.4
By Sex,Male,8,42.2,40.8,43.6
By Sex,Male,9,41.9,40.9,43.0
By Sex,Male,10,40.2,39.1,41.3
By Sex,Male,11,41.3,40.2,42.4
By Sex,Male,12,40.1,38.9,41.4
By Sex,Male,13,35.1,34.3,35.9
By Sex,Male,14,34.2,33.1,35.4
By Sex,Male,15,32.3,31.4,33.1
By Sex,Male,16,31.7,30.6,32.7
By Sex,Male,17,32.1,30.9,33.4
By Sex,Male,18,32.1,30.9,33.2
By Sex,Male,19,33.8,32.4,35.3
By Sex,Male,20,34.1,33.0,35.2
By Sex,Male,21,36.6,35.4,37.7
By Sex,Male,22,32.3,31.4,33.2
By Sex,Male,23,32.5,31.4,33.6
By Sex,Male,24,31.1,30.1,32.1
By Sex,Male,25,29.0,28.0,30.0
By Sex,Male,26,27.4,26.2,28.5
By Sex,Male,27,27.3,26.1,28.5
By Sex,Male,28,21.6,20.6,22.7
By Sex,Male,29,20.6,19.6,21.5
By Sex,Male,30,19.0,18.2,19.9
By Sex,Male,31,18.2,17.2,19.2
By Sex,Male,32,18.1,17.1,19.2
By Sex,Male,33,16.7,15.6,17.9
By State,Alabama,1,42.0,36.8,47.3
By State,Alabama,2,44.4,36.3,52.8
By State,Alabama,3,43.9,38.6,49.4
By State,Alabama,4,39.8,35.4,44.2
By State,Alabama,5,45.0,40.5,49.5
By State,Alabama,6,46.4,39.6,53.2
By State,Alabama,7,41.9,35.0,49.0
By State,Alabama,8,42.6,37.2,48.1
By State,Alabama,9,44.5,39.9,49.2
By State,Alabama,10,42.9,37.6,48.4
By State,Alabama,11,46.5,41.6,51.4
By State,Alabama,12,52.3,46.9,57.5
By State,Alabama,13,36.9,32.7,41.3
By State,Alabama,14,36.1,32.3,40.0
By State,Alabama,15,36.2,32.0,40.6
By State,Alabama,16,32.3,27.9,36.8
By State,Alabama,17,34.6,30.9,38.5
By State,Alabama,18,36.8,30.1,44.0
By State,Alabama,19,33.8,28.5,39.5
By State,Alabama,20,33.8,28.3,39.7
By State,Alabama,21,41.9,36.1,47.8
By State,Alabama,22,30.9,25.4,36.9
By State,Alabama,23,37.0,31.7,42.6
By State,Alabama,24,34.8,29.7,40.2
By State,Alabama,25,27.0,22.8,31.5
By State,Alabama,26,29.5,24.1,35.4
By State,Alabama,27,24.9,20.2,30.1
By State,Alabama,28,22.0,17.7,26.7
By State,Alabama,29,21.1,17.0,25.6
By State,Alabama,30,23.0,18.0,28.5
By State,Alabama,31,23.1,18.2,28.6
By State,Alabama,32,22.6,17.3,28.6
By State,Alabama,33,18.7,14.5,23.4
By State,Alaska,1,46.8,42.8,50.8
By State,Alaska,2,47.6,42.4,52.8
By State,Alaska,3,49.9,45.1,54.7
By State,Alaska,4,51.3,45.4,57.2
By State,Alaska,5,50.7,46.1,55.3
By State,Alaska,6,49.7,44.2,55.2
By State,Alaska,7,54.6,48.7,60.4
By State,Alaska,8,50.4,45.8,55.0
By State,Alaska,9,48.4,43.9,52.9
By State,Alaska,10,45.5,40.4,50.7
By State,Alaska,11,51.8,46.3,57.2
By State,Alaska,12,47.7,42.5,53.0
By State,Alaska,13,42.9,39.7,46.2
By State,Alaska,14,36.0,33.3,38.7
By State,Alaska,15,42.8,38.4,47.3
By State,Alaska,16,40.9,37.9,43.8
By State,Alaska,17,39.5,35.8,43.3
By State,Alaska,18,42.0,37.7,46.5
By State,Alaska,19,43.4,40.2,46.6
By State,Alaska,20,46.0,41.5,50.5
By State,Alaska,21,46.9,43.4,50.4
By State,Alaska,22,42.5,37.7,47.5
By State,Alaska,23,40.9,36.5,45.5
By State,Alaska,24,35.0,30.7,39.4
By State,Alaska,25,34.6,30.6,38.7
By State,Alaska,26,32.3,29.0,35.8
By State,Alaska,27,30.5,26.4,34.9
By State,Alaska,28,25.3,21.2,29.9
By State,Alaska,29,28.3,24.2,32.6
By State,Alaska,30,25.2,21.4,29.2
By State,Alaska,31,19.3,15.6,23.4
By State,Alaska,32,22.9,17.6,29.0
By State,Alaska,33,16.1,13.1,19.4
By State,Arizona,1,42.3,38.9,45.7
By State,Arizona,2,50.9,45.0,56.9
By State,Arizona,3,45.8,41.2,50.5
By State,Arizona,4,46.8,42.4,51.2
By State,Arizona,5,42.9,39.0,46.8
By State,Arizona,6,46.2,42.4,50.2
By State,Arizona,7,45.9,40.7,51.2
By State,Arizona,8,43.4,39.8,47.0
By State,Arizona,9,50.6,46.6,54.5
By State,Arizona,10,44.7,40.9,48.6
By State,Arizona,11,44.7,40.2,49.4
By State,Arizona,12,46.6,42.2,51.0
By State,Arizona,13,42.0,38.7,45.4
By State,Arizona,14,39.5,36.2,42.8
By State,Arizona,15,34.8,31.6,38.0
By State,Arizona,16,34.9,31.7,38.2
By State,Arizona,17,38.0,33.4,42.7
By State,Arizona,18,34.2,29.4,39.3
By State,Arizona,19,35.7,31.9,39.6
By State,Arizona,20,35.1,31.2,39.1
By State,Arizona,21,43.6,39.5,47.7
By State,Arizona,22,40.0,36.9,43.1
By State,Arizona,23,36.9,33.4,40.5
By State,Arizona,24,36.1,32.7,39.6
By State,Arizona,25,34.3,30.8,37.8
By State,Arizona,26,32.3,28.4,36.3
By State,Arizona,27,30.9,27.5,34.5
By State,Arizona,28,25.1,21.8,28.7
By State,Arizona,29,24.2,21.1,27.5
By State,Arizona,30,21.6,18.7,24.7
By State,Arizona,31,19.3,16.4,22.5
By State,Arizona,32,21.7,18.5,25.1
By State,Arizona,33,19.4,16.3,22.7
By State,Arkansas,1,43.6,37.7,49.7
By State,Arkansas,2,43.2,35.6,51.0
By State,Arkansas,3,40.1,35.5,44.8
By State,Arkansas,4,41.7,36.7,46.9
By State,Arkansas,5,46.6,41.7,51.6
By State,Arkansas,6,45.1,40.0,50.3
By State,Arkansas,7,51.2,43.7,58.7
By State,Arkansas,8,43.0,37.8,48.3
By State,Arkansas,9,48.8,43.3,54.3
By State,Arkansas,10,46.6,41.1,52.1
By State,Arkansas,11,45.0,40.1,50.0
By State,Arkansas,12,43.3,37.6,49.2
By State,Arkansas,13,35.6,31.9,39.4
By State,Arkansas,14,31.9,27.8,36.2
By State,Arkansas,15,37.1,33.2,41.2
By State,Arkansas,16,32.9,28.9,37.0
By State,Arkansas,17,34.6,29.3,40.3
By State,Arkansas,18,37.3,32.3,42.6
By State,Arkansas,19,34.9,29.4,40.7
By State,Arkansas,20,38.3,32.8,44.0
By State,Arkansas,21,40.9,35.9,46.0
By State,Arkansas,22,37.9,32.9,43.1
By State,Arkansas,23,34.2,29.5,39.1
By State,Arkansas,24,31.3,25.1,37.9
By State,Arkansas,25,32.0,27.4,36.8
By State,Arkansas,26,30.2,25.3,35.5
By State,Arkansas,27,28.1,22.0,34.9
By State,Arkansas,28,19.8,16.2,23.8
By State,Arkansas,29,21.4,17.1,26.2
By State,Arkansas,30,18.7,13.8,24.5
By State,Arkansas,31,15.2,11.0,20.2
By State,Arkansas,32,12.8,8.7,17.9
By State,Arkansas,33,17.5,12.7,23.1
By State,California,1,44.4,41.1,47.8
By State,California,2,42.5,38.2,46.8
By State,California,3,46.1,43.0,49.2
By State,California,4,44.6,41.8,47.5
By State,California,5,46.9,44.1,49.8
By State,California,6,44.8,41.3,48.4
By State,California,7,44.8,41.3,48.3
By State,California,8,49.2,45.9,52.6
By State,California,9,46.3,43.5,49.1
By State,California,10,43.6,40.5,46.8
By State,California,11,49.8,46.8,52.9
By State,California,12,45.9,43.0,48.9
By State,California,13,42.9,40.5,45.3
By State,California,14,44.1,41.4,46.9
By State,California,15,43.2,40.7,45.7
By State,California,16,41.5,38.6,44.5
By State,California,17,38.8,36.0,41.6
By State,California,18,43.9,40.7,47.0
By State,California,19,42.5,39.2,45.8
By State,California,20,40.8,37.8,43.8
By State,California,21,46.1,43.5,48.7
By State,California,22,40.6,37.9,43.3
By State,California,23,43.3,40.7,45.9
By State,California,24,41.0,37.8,44.2
By State,California,25,38.0,35.9,40.2
By State,California,26,39.0,36.2,41.8
By State,California,27,34.9,32.5,37.2
By State,California,28,30.9,28.2,33.7
By State,California,29,29.6,26.9,32.4
By State,California,30,27.7,24.9,30.7
By State,California,31,25.9,23.4,28.4
By State,California,32,25.9,23.2,28.8
By State,California,33,23.9,21.3,26.7
By State,Colorado,1,46.0,42.6,49.5
By State,Colorado,2,46.7,40.1,53.4
By State,Colorado,3,45.7,41.4,50.1
By State,Colorado,4,46.2,41.5,51.1
By State,Colorado,5,45.2,41.6,48.8
By State,Colorado,6,44.2,39.6,48.8
By State,Colorado,7,39.0,34.7,43.5
By State,Colorado,8,45.6,41.1,50.1
By State,Colorado,9,47.5,42.2,52.9
By State,Colorado,10,45.8,41.4,50.3
By State,Colorado,11,44.4,39.6,49.3
By State,Colorado,12,44.6,40.1,49.2
By State,Colorado,13,39.1,36.4,42.0
By State,Colorado,14,37.9,34.9,40.9
By State,Colorado,15,36.4,33.2,39.7
By State,Colorado,16,33.6,31.0,36.3
By State,Colorado,17,35.9,32.5,39.5
By State,Colorado,18,37.1,33.3,41.1
By State,Colorado,19,35.4,32.2,38.7
By State,Colorado,20,38.9,35.3,42.6
By State,Colorado,21,38.7,35.1,42.3
By State,Colorado,22,33.3,29.9,36.9
By State,Colorado,23,36.6,32.3,41.1
By State,Colorado,24,31.2,27.7,34.9
By State,Colorado,25,31.4,28.2,34.7
By State,Colorado,26,31.0,26.8,35.3
By State,Colorado,27,24.4,21.6,27.3
By State,Colorado,28,19.9,17.0,23.0
By State,Colorado,29,23.9,20.3,27.9
By State,Colorado,30,19.0,15.8,22.4
By State,Colorado,31,19.1,15.6,23.0
By State,Colorado,32,19.3,15.9,23.2
By State,Colorado,33,17.8,14.9,20.9
By State,Connecticut,1,42.6,38.5,46.9
By State,Connecticut,2,45.5,37.6,53.7
By State,Connecticut,3,48.5,43.2,53.9
By State,Connecticut,4,47.6,43.1,52.2
By State,Connecticut,5,45.8,41.6,50.0
By State,Connecticut,6,48.1,42.3,53.8
By State,Connecticut,7,52.5,45.9,59.0
By State,Connecticut,8,44.7,39.2,50.3
By State,Connecticut,9,44.0,39.9,48.2
By State,Connecticut,10,44.4,40.1,48.7
By State,Connecticut,11,45.6,40.2,51.1
By State,Connecticut,12,44.1,39.1,49.1
By State,Connecticut,13,40.6,36.5,44.7
By State,Connecticut,14,36.3,33.3,39.5
By State,Connecticut,15,39.2,35.7,42.8
By State,Connecticut,16,33.9,30.5,37.4
By State,Connecticut,17,35.5,31.7,39.4
By State,Connecticut,18,33.6,28.6,38.9
By State,Connecticut,19,37.7,32.5,43.2
By State,Connecticut,20,36.2,32.3,40.3
By State,Connecticut,21,41.0,36.0,46.2
By State,Connecticut,22,36.6,32.2,41.2
By State,Connecticut,23,33.3,29.7,37.0
By State,Connecticut,24,33.5,29.3,37.9
By State,Connecticut,25,32.8,27.8,38.2
By State,Connecticut,26,32.6,27.9,37.6
By State,Connecticut,27,30.6,26.7,34.7
By State,Connecticut,28,21.5,17.6,25.8
By State,Connecticut,29,17.5,14.9,20.2
By State,Connecticut,30,25.3,21.3,29.7
By State,Connecticut,31,16.0,12.3,20.3
By State,Connecticut,32,17.7,13.8,22.3
By State,Connecticut,33,13.9,11.3,16.9
By State,Delaware,1,41.4,36.2,46.8
By State,Delaware,2,43.1,36.3,50.1
By State,Delaware,3,38.7,33.9,43.7
By State,Delaware,4,39.1,33.3,45.2
By State,Delaware,5,42.3,37.1,47.7
By State,Delaware,6,50.4,44.6,56.2
By State,Delaware,7,52.3,47.2,57.3
By State,Delaware,8,44.6,39.6,49.7
By State,Delaware,9,48.4,42.4,54.5
By State,Delaware,10,47.1,42.6,51.7
By State,Delaware,11,41.1,36.0,46.4
By State,Delaware,12,40.4,34.7,46.4
By State,Delaware,13,35.1,31.2,39.0
By State,Delaware,14,39.6,34.2,45.1
By State,Delaware,15,33.2,28.0,38.7
By State,Delaware,16,31.3,26.5,36.4
By State,Delaware,17,38.1,33.5,42.9
By State,Delaware,18,35.1,28.3,42.4
By State,Delaware,19,32.7,27.8,37.9
By State,Delaware,20,40.0,33.8,46.6
By State,Delaware,21,39.2,33.0,45.6
By State,Delaware,22,31.6,27.4,36.0
By State,Delaware,23,31.5,26.1,37.3
By State,Delaware,24,30.0,25.8,34.4
By State,Delaware,25,26.4,21.9,31.2
By State,Delaware,26,26.9,22.2,32.1
By State,Delaware,27,23.5,18.9,28.5
By State,Delaware,28,30.2,23.3,37.7
By State,Delaware,29,23.2,19.0,27.9
By State,Delaware,30,20.0,15.4,25.3
By State,Delaware,31,22.7,17.9,28.0
By State,Delaware,32,22.0,17.3,27.3
By State,Delaware,33,20.5,14.4,27.7
By State,District of Columbia,1,47.0,41.3,52.7
By State,District of Columbia,2,46.0,38.6,53.5
By State,District of Columbia,3,43.5,36.4,50.7
By State,District of Columbia,4,44.1,36.4,52.0
By State,District of Columbia,5,47.7,40.1,55.4
By State,District of Columbia,6,49.5,40.6,58.4
By State,District of Columbia,7,51.6,43.3,59.8
By State,District of Columbia,8,51.2,45.0,57.3
By State,District of Columbia,9,43.4,37.7,49.3
By State,District of Columbia,10,51.2,42.7,59.6
By State,District of Columbia,11,43.0,36.5,49.8
By State,District of Columbia,12,57.7,52.1,63.2
By State,District of Columbia,13,49.1,43.8,54.5
By State,District of Columbia,14,47.4,40.9,53.9
By State,District of Columbia,15,43.7,38.8,48.6
By State,District of Columbia,16,43.0,37.5,48.6
By State,District of Columbia,17,44.8,39.5,50.1
By State,District of Columbia,18,39.7,33.5,46.2
By State,District of Columbia,19,37.0,29.8,44.7
By State,District of Columbia,20,42.0,35.9,48.3
By State,District of Columbia,21,43.3,36.7,50.0
By State,District of Columbia,22,41.4,33.9,49.2
By State,District of Columbia,23,46.1,39.9,52.4
By State,District of Columbia,24,48.2,41.3,55.2
By State,District of Columbia,25,31.2,25.1,37.8
By State,District of Columbia,26,40.7,33.7,47.9
By State,District of Columbia,27,31.8,26.6,37.3
By State,District of Columbia,28,33.6,26.2,41.7
By State,District of Columbia,29,29.3,21.7,37.9
By State,District of Columbia,30,26.1,21.1,31.6
By State,District of Columbia,31,27.2,21.8,33.1
By State,District of Columbia,32,20.3,13.7,28.4
By State,District of Columbia,33,22.3,16.9,28.5
By State,Florida,1,44.9,41.8,48.0
By State,Florida,2,44.5,39.2,49.8
By State,Florida,3,43.4,39.7,47.1
By State,Florida,4,45.4,42.4,48.3
By State,Florida,5,46.0,42.7,49.4
By State,Florida,6,46.5,42.5,50.5
By State,Florida,7,47.3,42.6,51.9
By State,Florida,8,46.8,43.6,50.1
By State,Florida,9,45.4,41.7,49.2
By State,Florida,10,41.8,38.6,45.1
By State,Florida,11,43.2,40.1,46.5
By State,Florida,12,41.4,38.4,44.4
By State,Florida,13,43.2,40.4,46.1
By State,Florida,14,35.7,32.6,39.0
By State,Florida,15,37.3,34.5,40.1
By State,Florida,16,37.0,34.0,40.0
By State,Florida,17,34.5,31.4,37.8
By State,Florida,18,35.2,30.9,39.6
By State,Florida,19,33.3,29.8,37.1
By State,Florida,20,34.3,30.7,38.1
By State,Florida,21,35.6,31.9,39.5
By State,Florida,22,34.3,30.6,38.1
By State,Florida,23,33.6,30.0,37.4
By State,Florida,24,32.4,29.2,35.7
By State,Florida,25,31.2,28.0,34.5
By State,Florida,26,27.4,24.1,30.9
By State,Florida,27,27.1,23.7,30.7
By State,Florida,28,22.0,18.4,25.8
By State,Florida,29,21.3,17.7,25.2
By State,Florida,30,21.2,18.1,24.5
By State,Florida,31,17.8,15.2,20.6
By State,Florida,32,18.3,15.8,21.1
By State,Florida,33,15.5,12.8,18.6
By State,Georgia,1,45.9,42.0,49.7
By State,Georgia,2,53.0,46.5,59.3
By State,Georgia,3,45.6,40.8,50.6
By State,Georgia,4,48.3,44.1,52.4
By State,Georgia,5,45.8,41.4,50.3
By State,Georgia,6,42.3,38.7,45.9
By State,Georgia,7,42.8,38.3,47.4
By State,Georgia,8,42.7,39.2,46.3
By State,Georgia,9,46.5,41.8,51.3
By State,Georgia,10,45.1,41.3,48.9
By State,Georgia,11,44.8,41.1,48.5
By State,Georgia,12,44.5,40.2,48.9
By State,Georgia,13,39.6,36.7,42.6
By State,Georgia,14,37.7,34.3,41.3
By State,Georgia,15,37.6,34.0,41.2
By State,Georgia,16,34.0,30.1,38.1
By State,Georgia,17,34.0,30.3,37.9
By State,Georgia,18,34.5,29.5,39.7
By State,Georgia,19,38.3,33.5,43.3
By State,Georgia,20,33.0,28.3,37.8
By State,Georgia,21,30.7,26.3,35.4
By State,Georgia,22,30.9,27.2,34.8
By State,Georgia,23,35.5,31.4,39.8
By State,Georgia,24,30.0,26.2,33.9
By State,Georgia,25,29.4,25.7,33.2
By State,Georgia,26,24.8,21.1,28.8
By State,Georgia,27,30.5,26.6,34.7
By State,Georgia,28,23.2,19.2,27.6
By State,Georgia,29,20.8,18.0,23.8
By State,Georgia,30,20.5,15.9,25.7
By State,Georgia,31,19.8,15.1,25.2
By State,Georgia,32,17.7,14.5,21.2
By State,Georgia,33,18.4,15.3,21.8
By State,Hawaii,1,41.2,36.1,46.4
By State,Hawaii,2,43.8,35.9,51.9
By State,Hawaii,3,42.1,35.3,49.0
By State,Hawaii,4,41.5,36.9,46.3
By State,Hawaii,5,37.0,32.5,41.7
By State,Hawaii,6,35.5,30.1,41.3
By State,Hawaii,7,42.0,36.7,47.5
By State,Hawaii,8,38.6,34.3,43.1
By State,Hawaii,9,43.5,37.1,50.1
By State,Hawaii,10,34.2,29.4,39.2
By State,Hawaii,11,41.7,36.1,47.5
By State,Hawaii,12,37.5,31.6,43.7
By State,Hawaii,13,43.5,39.1,47.9
By State,Hawaii,14,39.7,34.5,45.1
By State,Hawaii,15,37.6,32.6,42.9
By State,Hawaii,16,35.9,30.9,41.1
By State,Hawaii,17,39.2,33.7,45.0
By State,Hawaii,18,36.2,30.9,41.7
By State,Hawaii,19,32.5,27.0,38.5
By State,Hawaii,20,34.0,28.4,40.0
By State,Hawaii,21,31.4,26.4,36.8
By State,Hawaii,22,24.2,19.4,29.6
By State,Hawaii,23,30.8,26.4,35.5
By State,Hawaii,24,28.4,23.3,33.9
By State,Hawaii,25,26.7,22.0,31.7
By State,Hawaii,26,27.3,21.3,34.0
By State,Hawaii,27,31.4,25.7,37.6
By State,Hawaii,28,21.7,17.0,27.1
By State,Hawaii,29,23.8,17.9,30.6
By State,Hawaii,30,18.8,14.0,24.5
By State,Hawaii,31,20.8,15.6,26.8
By State,Hawaii,32,19.9,13.3,28.1
By State,Hawaii,33,18.3,12.3,25.6
By State,Idaho,1,38.8,34.7,43.0
By State,Idaho,2,39.8,34.3,45.4
By State,Idaho,3,37.2,31.9,42.7
By State,Idaho,4,38.3,33.7,43.2
By State,Idaho,5,41.8,36.0,47.8
By State,Idaho,6,42.0,36.1,48.1
By State,Idaho,7,40.9,35.3,46.7
By State,Idaho,8,40.2,35.0,45.6
By State,Idaho,9,39.9,35.7,44.3
By State,Idaho,10,41.2,36.6,45.8
By State,Idaho,11,44.1,38.3,50.1
By State,Idaho,12,39.0,33.3,44.8
By State,Idaho,13,31.5,28.0,35.2
By State,Idaho,14,35.9,31.6,40.4
By State,Idaho,15,33.2,29.6,36.9
By State,Idaho,16,29.5,26.2,33.0
By State,Idaho,17,29.6,26.3,33.2
By State,Idaho,18,30.6,26.8,34.6
By State,Idaho,19,34.4,30.5,38.4
By State,Idaho,20,38.2,33.5,43.1
By State,Idaho,21,39.6,34.6,44.8
By State,Idaho,22,32.0,28.3,35.9
By State,Idaho,23,30.8,26.0,36.0
By State,Idaho,24,33.6,28.5,39.0
By State,Idaho,25,28.1,24.5,31.9
By State,Idaho,26,27.2,23.6,31.0
By State,Idaho,27,24.0,20.3,28.1
By State,Idaho,28,19.8,15.4,24.8
By State,Idaho,29,16.7,13.7,20.0
By State,Idaho,30,17.3,13.8,21.2
By State,Idaho,31,15.3,12.3,18.8
By State,Idaho,32,14.7,11.1,18.9
By State,Idaho,33,14.0,11.4,17.1
By State,Illinois,1,42.5,39.5,45.6
By State,Illinois,2,45.8,40.0,51.6
By State,Illinois,3,47.3,42.6,52.0
By State,Illinois,4,48.5,44.6,52.5
By State,Illinois,5,47.7,43.6,51.8
By State,Illinois,6,50.4,45.7,55.2
By State,Illinois,7,48.8,44.5,53.2
By State,Illinois,8,46.2,41.5,51.0
By State,Illinois,9,49.9,45.0,54.8
By State,Illinois,10,41.5,36.9,46.2
By State,Illinois,11,46.2,41.0,51.6
By State,Illinois,12,45.6,42.2,49.1
By State,Illinois,13,39.0,35.7,42.5
By State,Illinois,14,36.3,32.9,39.9
By State,Illinois,15,36.6,33.7,39.5
By State,Illinois,16,33.2,30.1,36.4
By State,Illinois,17,34.4,31.0,37.9
By State,Illinois,18,34.6,30.9,38.5
By State,Illinois,19,40.9,36.4,45.5
By State,Illinois,20,37.0,33.2,40.9
By State,Illinois,21,40.2,36.3,44.2
By State,Illinois,22,37.0,33.5,40.6
By State,Illinois,23,34.8,30.5,39.2
By State,Illinois,24,31.6,27.9,35.6
By State,Illinois,25,32.7,29.1,36.6
By State,Illinois,26,29.3,26.2,32.6
By State,Illinois,27,29.4,26.0,32.9
By State,Illinois,28,23.5,20.2,27.0
By State,Illinois,29,19.7,17.0,22.6
By State,Illinois,30,18.6,15.7,21.7
By State,Illinois,31,23.0,18.4,28.2
By State,Illinois,32,17.8,14.6,21.5
By State,Illinois,33,15.5,12.6,18.9
By State,Indiana,1,39.4,35.1,43.9
By State,Indiana,2,48.9,42.9,54.9
By State,Indiana,3,46.3,41.4,51.2
By State,Indiana,4,46.0,41.1,51.0
By State,Indiana,5,47.6,43.4,51.8
By State,Indiana,6,46.7,41.2,52.3
By State,Indiana,7,43.8,37.4,50.4
By State,Indiana,8,48.2,42.6,53.9
By State,Indiana,9,46.3,41.0,51.6
By State,Indiana,10,44.7,39.6,49.9
By State,Indiana,11,44.0,38.8,49.4
By State,Indiana,12,44.0,39.4,48.6
By State,Indiana,13,37.4,34.1,40.9
By State,Indiana,14,37.4,34.7,40.2
By State,Indiana,15,32.2,29.0,35.5
By State,Indiana,16,30.7,27.7,33.7
By State,Indiana,17,30.7,27.2,34.3
By State,Indiana,18,31.2,26.1,36.6
By State,Indiana,19,31.4,27.5,35.5
By State,Indiana,20,37.1,33.0,41.3
By State,Indiana,21,35.2,31.0,39.6
By State,Indiana,22,32.3,28.3,36.5
By State,Indiana,23,34.6,29.7,39.8
By State,Indiana,24,34.0,29.9,38.4
By State,Indiana,25,30.2,26.2,34.4
By State,Indiana,26,25.2,21.9,28.6
By State,Indiana,27,24.0,20.4,27.8
By State,Indiana,28,21.5,17.4,26.1
By State,Indiana,29,15.5,12.8,18.7
By State,Indiana,30,17.9,15.2,20.9
By State,Indiana,31,18.2,15.1,21.6
By State,Indiana,32,16.5,13.0,20.4
By State,Indiana,33,15.9,12.9,19.2
By State,Iowa,1,40.0,34.3,45.8
By State,Iowa,2,42.9,37.0,48.9
By State,Iowa,3,40.9,36.2,45.7
By State,Iowa,4,39.6,34.6,44.6
By State,Iowa,5,41.2,36.3,46.2
By State,Iowa,6,42.3,37.4,47.2
By State,Iowa,7,40.9,36.3,45.7
By State,Iowa,8,42.7,37.4,48.0
By State,Iowa,9,38.5,33.9,43.3
By State,Iowa,10,39.0,34.7,43.4
By State,Iowa,11,36.9,32.4,41.6
By State,Iowa,12,38.8,33.5,44.4
By State,Iowa,13,35.4,32.4,38.6
By State,Iowa,14,31.3,27.9,34.8
By State,Iowa,15,31.1,27.0,35.4
By State,Iowa,16,33.6,29.4,37.9
By State,Iowa,17,26.9,23.5,30.4
By State,Iowa,18,31.1,25.6,37.1
By State,Iowa,19,35.2,30.6,40.1
By State,Iowa,20,34.3,29.1,39.7
By State,Iowa,21,38.4,33.2,43.9
By State,Iowa,22,30.2,25.2,35.6
By State,Iowa,23,29.4,25.4,33.8
By State,Iowa,24,26.2,22.4,30.3
By State,Iowa,25,26.2,22.5,30.0
By State,Iowa,26,24.7,20.7,29.2
By State,Iowa,27,19.0,15.2,23.2
By State,Iowa,28,16.8,12.9,21.4
By State,Iowa,29,15.1,12.4,18.1
By State,Iowa,30,17.7,14.1,21.7
By State,Iowa,31,12.9,9.6,16.7
By State,Iowa,32,15.2,11.2,20.0
By State,Iowa,33,12.8,9.2,17.1
By State,Kansas,1,40.0,34.9,45.2
By State,Kansas,2,40.1,33.3,47.3
By State,Kansas,3,39.9,33.5,46.5
By State,Kansas,4,38.0,34.0,42.1
By State,Kansas,5,38.4,34.2,42.8
By State,Kansas,6,38.4,34.0,43.0
By State,Kansas,7,45.7,39.9,51.7
By State,Kansas,8,43.9,38.7,49.3
By State,Kansas,9,40.2,35.4,45.1
By State,Kansas,10,41.2,36.5,46.1
By State,Kansas,11,39.5,35.1,44.0
By State,Kansas,12,42.2,36.8,47.7
By State,Kansas,13,34.9,31.6,38.3
By State,Kansas,14,31.7,28.3,35.2
By State,Kansas,15,31.1,28.0,34.4
By State,Kansas,16,29.8,26.2,33.7
By State,Kansas,17,34.3,29.9,39.0
By State,Kansas,18,33.0,28.0,38.2
By State,Kansas,19,32.6,28.6,36.7
By State,Kansas,20,39.1,36.1,42.2
By State,Kansas,21,34.5,29.7,39.5
By State,Kansas,22,33.3,28.5,38.4
By State,Kansas,23,29.0,25.1,33.1
By State,Kansas,24,29.4,25.7,33.2
By State,Kansas,25,24.9,21.1,29.0
By State,Kansas,26,27.4,23.1,32.0
By State,Kansas,27,24.7,21.3,28.4
By State,Kansas,28,22.4,17.7,27.7
By State,Kansas,29,19.5,16.7,22.6
By State,Kansas,30,15.3,12.1,18.9
By State,Kansas,31,17.7,14.2,21.7
By State,Kansas,32,16.8,12.5,21.7
By State,Kansas,33,13.0,9.9,16.7
By State,Kentucky,1,42.9,37.8,48.1
By State,Kentucky,2,48.1,42.1,54.1
By State,Kentucky,3,46.2,40.3,52.2
By State,Kentucky,4,44.9,40.5,49.4
By State,Kentucky,5,46.5,41.9,51.1
By State,Kentucky,6,48.2,43.1,53.3
By State,Kentucky,7,43.4,38.6,48.2
By State,Kentucky,8,41.6,36.7,46.7
By State,Kentucky,9,47.4,41.5,53.3
By State,Kentucky,10,44.4,39.2,49.6
By State,Kentucky,11,40.8,35.6,46.0
By State,Kentucky,12,36.9,32.4,41.6
By State,Kentucky,13,36.7,32.5,40.9
By State,Kentucky,14,38.6,35.0,42.2
By State,Kentucky,15,32.4,28.9,36.1
By State,Kentucky,16,31.7,27.1,36.6
By State,Kentucky,17,34.0,29.2,39.1
By State,Kentucky,18,33.9,28.8,39.4
By State,Kentucky,19,33.7,29.2,38.6
By State,Kentucky,20,34.6,29.5,39.8
By State,Kentucky,21,36.1,30.9,41.5
By State,Kentucky,22,29.6,25.1,34.5
By State,Kentucky,23,41.0,35.0,47.2
By State,Kentucky,24,31.2,26.1,36.7
By State,Kentucky,25,28.1,23.3,33.2
By State,Kentucky,26,27.2,22.1,32.8
By State,Kentucky,27,28.6,23.1,34.7
By State,Kentucky,28,27.7,21.4,34.7
By State,Kentucky,29,20.5,16.7,24.8
By State,Kentucky,30,22.2,17.1,27.9
By State,Kentucky,31,17.1,13.6,21.1
By State,Kentucky,32,19.1,14.6,24.2
By State,Kentucky,33,13.7,10.4,17.7
By State,Louisiana,1,46.2,41.0,51.4
By State,Louisiana,2,50.0,41.9,58.2
By State,Louisiana,3,46.3,40.5,52.3
By State,Louisiana,4,50.4,44.4,56.3
By State,Louisiana,5,45.6,40.8,50.6
By State,Louisiana,6,43.1,38.4,48.0
By State,Louisiana,7,40.9,34.7,47.3
By State,Louisiana,8,48.0,41.9,54.0
By State,Louisiana,9,45.2,40.3,50.1
By State,Louisiana,10,42.8,37.2,48.5
By State,Louisiana,11,47.2,42.8,51.8
By State,Louisiana,12,43.2,36.9,49.8
By State,Louisiana,13,36.5,32.7,40.5
By State,Louisiana,14,38.7,34.1,43.6
By State,Louisiana,15,33.2,29.4,37.2
By State,Louisiana,16,30.5,26.1,35.1
By State,Louisiana,17,32.4,27.7,37.2
By State,Louisiana,18,36.3,30.5,42.4
By State,Louisiana,19,36.3,30.6,42.2
By State,Louisiana,20,37.1,31.1,43.3
By State,Louisiana,21,44.0,38.7,49.4
By State,Louisiana,22,28.7,22.7,35.3
By State,Louisiana,23,31.6,26.7,36.9
By State,Louisiana,24,32.5,25.6,40.1
By State,Louisiana,25,28.7,24.1,33.6
By State,Louisiana,26,29.9,25.1,35.1
By State,Louisiana,27,27.5,22.7,32.7
By State,Louisiana,28,21.2,16.3,26.6
By State,Louisiana,29,25.6,21.5,29.9
By State,Louisiana,30,18.5,14.7,22.7
By State,Louisiana,31,16.9,12.9,21.6
By State,Louisiana,32,15.5,11.3,20.5
By State,Louisiana,33,18.8,14.1,24.3
By State,Maine,1,45.8,41.4,50.4
By State,Maine,2,50.7,43.2,58.2
By State,Maine,3,54.6,48.5,60.7
By State,Maine,4,54.8,49.3,60.2
By State,Maine,5,46.8,42.6,51.1
By State,Maine,6,48.4,42.1,54.7
By State,Maine,7,54.3,48.7,59.8
By State,Maine,8,42.0,36.9,47.2
By State,Maine,9,49.5,43.6,55.5
By State,Maine,10,46.4,42.1,50.8
By State,Maine,11,43.2,37.5,49.0
By State,Maine,12,51.5,45.1,57.8
By State,Maine,13,45.1,40.0,50.3
By State,Maine,14,39.1,33.3,45.0
By State,Maine,15,33.6,28.9,38.5
By State,Maine,16,35.8,30.6,41.2
By State,Maine,17,37.4,31.9,43.2
By State,Maine,18,32.6,26.7,38.9
By State,Maine,19,37.0,30.9,43.4
By State,Maine,20,27.4,22.8,32.3
By State,Maine,21,40.8,34.6,47.2
By State,Maine,22,34.5,28.7,40.8
By State,Maine,23,30.3,25.0,36.1
By State,Maine,24,30.1,24.0,36.8
By State,Maine,25,33.6,28.3,39.1
By State,Maine,26,26.9,21.6,32.7
By State,Maine,27,30.2,23.5,37.5
By State,Maine,28,22.3,17.3,28.0
By State,Maine,29,18.8,15.4,22.5
By State,Maine,30,18.7,13.4,24.9
By State,Maine,31,20.4,14.9,26.7
By State,Maine,32,17.2,12.6,22.6
By State,Maine,33,15.9,12.1,20.2
By State,Maryland,1,49.2,45.0,53.4
By State,Maryland,2,44.5,39.0,50.1
By State,Maryland,3,47.2,41.9,52.6
By State,Maryland,4,44.5,40.0,49.0
By State,Maryland,5,45.0,40.5,49.6
By State,Maryland,6,41.7,36.4,47.2
By State,Maryland,7,41.0,36.4,45.7
By State,Maryland,8,45.5,40.7,50.4
By State,Maryland,9,44.6,39.9,49.3
By State,Maryland,10,50.7,46.8,54.6
By State,Maryland,11,41.3,37.5,45.3
By State,Maryland,12,46.2,41.4,51.1
By State,Maryland,13,42.4,38.3,46.7
By State,Maryland,14,40.8,37.5,44.2
By State,Maryland,15,38.0,35.0,41.2
By State,Maryland,16,37.2,34.2,40.3
By State,Maryland,17,40.1,36.5,43.8
By State,Maryland,18,37.6,33.5,41.8
By State,Maryland,19,39.5,35.9,43.3
By State,Maryland,20,36.5,32.5,40.6
By State,Maryland,21,41.1,37.6,44.7
By State,Maryland,22,41.5,37.3,45.8
By State,Maryland,23,36.4,32.6,40.4
By State,Maryland,24,33.9,29.6,38.4
By State,Maryland,25,33.1,29.8,36.6
By State,Maryland,26,35.3,31.2,39.6
By State,Maryland,27,29.2,25.6,33.1
By State,Maryland,28,26.1,22.4,30.0
By State,Maryland,29,22.6,19.8,25.7
By State,Maryland,30,22.6,18.7,26.8
By State,Maryland,31,20.1,16.6,23.9
By State,Maryland,32,19.5,16.3,22.9
By State,Maryland,33,22.1,18.7,25.7
By State,Massachusetts,1,42.8,39.4,46.3
By State,Massachusetts,2,42.2,38.7,45.7
By State,Massachusetts,3,44.1,40.2,48.1
By State,Massachusetts,4,46.5,42.1,50.9
By State,Massachusetts,5,47.6,43.2,52.0
By State,Massachusetts,6,43.6,39.2,48.0
By State,Massachusetts,7,45.3,41.2,49.5
By State,Massachusetts,8,45.2,41.3,49.0
By State,Massachusetts,9,44.1,40.1,48.2
By State,Massachusetts,10,45.4,41.1,49.7
By State,Massachusetts,11,54.1,49.3,58.8
By State,Massachusetts,12,45.3,40.6,50.0
By State,Massachusetts,13,43.3,40.8,45.8
By State,Massachusetts,14,39.7,36.4,43.1
By State,Massachusetts,15,38.1,34.9,41.3
By State,Massachusetts,16,40.0,36.5,43.6
By State,Massachusetts,17,37.6,33.9,41.5
By State,Massachusetts,18,38.7,34.2,43.3
By State,Massachusetts,19,36.7,33.5,40.1
By State,Massachusetts,20,36.0,32.3,39.9
By State,Massachusetts,21,40.5,35.3,45.8
By State,Massachusetts,22,37.6,34.0,41.3
By State,Massachusetts,23,37.0,33.6,40.4
By State,Massachusetts,24,35.2,31.5,39.0
By State,Massachusetts,25,32.8,29.3,36.4
By State,Massachusetts,26,31.3,28.1,34.7
By State,Massachusetts,27,28.9,26.6,31.3
By State,Massachusetts,28,27.9,25.5,30.5
By State,Massachusetts,29,22.2,19.2,25.4
By State,Massachusetts,30,23.8,20.5,27.3
By State,Massachusetts,31,24.3,20.6,28.3
By State,Massachusetts,32,18.2,15.6,21.0
By State,Massachusetts,33,18.3,15.4,21.6
By State,Michigan,1,44.6,41.3,48.0
By State,Michigan,2,44.8,40.1,49.6
By State,Michigan,3,45.5,41.1,50.0
By State,Michigan,4,48.5,44.3,52.7
By State,Michigan,5,48.9,45.1,52.8
By State,Michigan,6,46.6,42.8,50.5
By State,Michigan,7,51.1,47.4,54.8
By State,Michigan,8,46.2,41.6,50.8
By State,Michigan,9,48.9,44.6,53.2
By State,Michigan,10,47.5,42.9,52.2
By State,Michigan,11,48.7,45.0,52.4
By State,Michigan,12,46.1,41.8,50.4
By State,Michigan,13,40.2,36.7,43.9
By State,Michigan,14,37.8,34.4,41.4
By State,Michigan,15,32.0,29.1,35.1
By State,Michigan,16,34.8,31.5,38.2
By State,Michigan,17,36.2,32.3,40.3
By State,Michigan,18,32.4,28.8,36.1
By State,Michigan,19,36.1,32.5,39.8
By State,Michigan,20,38.1,34.9,41.5
By State,Michigan,21,37.2,33.3,41.2
By State,Michigan,22,35.8,31.9,39.9
By State,Michigan,23,33.1,29.6,36.8
By State,Michigan,24,31.4,28.4,34.5
By State,Michigan,25,33.2,28.8,37.7
By State,Michigan,26,30.1,26.5,33.8
By State,Michigan,27,25.9,22.2,29.7
By State,Michigan,28,28.7,24.6,33.0
By State,Michigan,29,23.6,20.3,27.2
By State,Michigan,30,21.6,18.6,24.8
By State,Michigan,31,16.5,14.0,19.4
By State,Michigan,32,16.5,14.1,19.2
By State,Michigan,33,18.7,15.2,22.7
By State,Minnesota,1,45.2,41.3,49.1
By State,Minnesota,2,47.3,41.8,52.9
By State,Minnesota,3,41.6,37.1,46.2
By State,Minnesota,4,46.7,42.1,51.5
By State,Minnesota,5,50.6,46.7,54.6
By State,Minnesota,6,45.2,40.6,49.9
By State,Minnesota,7,42.9,37.5,48.5
By State,Minnesota,8,42.0,36.8,47.2
By State,Minnesota,9,48.6,43.0,54.2
By State,Minnesota,10,40.1,35.1,45.4
By State,Minnesota,11,40.2,35.4,45.2
By State,Minnesota,12,43.3,38.1,48.5
By State,Minnesota,13,37.5,34.3,40.9
By State,Minnesota,14,34.5,31.7,37.3
By State,Minnesota,15,34.2,31.3,37.2
By State,Minnesota,16,31.6,28.4,34.9
By State,Minnesota,17,33.4,30.2,36.8
By State,Minnesota,18,33.5,30.1,37.1
By State,Minnesota,19,38.5,34.6,42.4
By State,Minnesota,20,37.9,34.7,41.2
By State,Minnesota,21,37.6,34.2,41.2
By State,Minnesota,22,33.0,28.9,37.3
By State,Minnesota,23,32.3,28.1,36.6
By State,Minnesota,24,28.5,24.8,32.5
By State,Minnesota,25,28.7,26.0,31.5
By State,Minnesota,26,28.0,24.7,31.4
By State,Minnesota,27,24.7,20.9,28.9
By State,Minnesota,28,21.4,18.0,25.0
By State,Minnesota,29,18.0,15.2,21.1
By State,Minnesota,30,18.2,15.3,21.4
By State,Minnesota,31,19.4,17.3,21.7
By State,Minnesota,32,19.4,16.7,22.3
By State,Minnesota,33,13.7,10.5,17.5
By State,Mississippi,1,39.6,34.9,44.6
By State,Mississippi,2,41.0,34.4,47.8
By State,Mississippi,3,47.0,41.2,52.9
By State,Mississippi,4,48.8,43.1,54.5
By State,Mississippi,5,52.1,46.5,57.6
By State,Mississippi,6,43.2,37.1,49.6
By State,Mississippi,7,42.7,36.3,49.4
By State,Mississippi,8,48.8,42.4,55.2
By State,Mississippi,9,51.6,45.3,57.8
By State,Mississippi,10,43.7,37.8,49.7
By State,Mississippi,11,49.5,44.0,55.1
By State,Mississippi,12,43.5,38.6,48.5
By State,Mississippi,13,36.2,31.8,40.7
By State,Mississippi,14,36.6,32.4,41.0
By State,Mississippi,15,36.4,31.9,41.1
By State,Mississippi,16,34.3,29.9,38.8
By State,Mississippi,17,31.4,26.2,36.9
By State,Mississippi,18,37.2,31.1,43.6
By State,Mississippi,19,30.5,24.7,36.9
By State,Mississippi,20,37.9,31.5,44.6
By State,Mississippi,21,38.0,31.7,44.6
By State,Mississippi,22,34.2,28.0,41.0
By State,Mississippi,23,31.4,26.0,37.2
By State,Mississippi,24,32.4,27.0,38.3
By State,Mississippi,25,31.7,25.3,38.6
By State,Mississippi,26,28.1,23.2,33.4
By State,Mississippi,27,27.0,22.4,32.0
By State,Mississippi,28,17.0,12.0,23.0
By State,Mississippi,29,17.3,12.5,23.1
By State,Mississippi,30,19.4,15.1,24.2
By State,Mississippi,31,18.2,13.3,24.1
By State,Mississippi,32,18.4,13.8,23.8
By State,Mississippi,33,18.4,14.1,23.4
By State,Missouri,1,43.7,39.1,48.4
By State,Missouri,2,41.0,35.3,46.9
By State,Missouri,3,47.5,41.7,53.3
By State,Missouri,4,40.1,35.4,45.1
By State,Missouri,5,41.3,36.9,45.9
By State,Missouri,6,41.2,36.5,46.0
By State,Missouri,7,39.7,36.0,43.5
By State,Missouri,8,42.4,38.0,46.8
By State,Missouri,9,45.3,41.6,49.1
By State,Missouri,10,48.9,44.5,53.4
By State,Missouri,11,41.7,37.6,45.8
By State,Missouri,12,43.8,38.9,48.7
By State,Missouri,13,35.8,32.6,39.0
By State,Missouri,14,34.3,30.6,38.1
By State,Missouri,15,30.8,28.3,33.3
By State,Missouri,16,31.9,28.6,35.4
By State,Missouri,17,33.4,29.8,37.1
By State,Missouri,18,35.9,30.6,41.5
By State,Missouri,19,32.3,28.4,36.4
By State,Missouri,20,33.7,29.8,37.9
By State,Missouri,21,35.5,31.4,39.8
By State,Missouri,22,30.7,26.8,34.9
By State,Missouri,23,31.5,27.2,36.0
By State,Missouri,24,27.6,24.6,30.9
By State,Missouri,25,27.6,23.7,31.7
By State,Missouri,26,29.6,25.1,34.3
By State,Missouri,27,22.5,19.1,26.3
By State,Missouri,28,22.4,17.6,27.7
By State,Missouri,29,17.0,12.9,21.9
By State,Missouri,30,15.1,12.6,17.9
By State,Missouri,31,15.9,12.5,19.6
By State,Missouri,32,17.9,13.8,22.7
By State,Missouri,33,14.1,11.2,17.4
By State,Montana,1,46.0,40.4,51.7
By State,Montana,2,53.8,47.5,60.1
By State,Montana,3,50.1,44.5,55.6
By State,Montana,4,40.0,35.1,45.0
By State,Montana,5,46.6,40.1,53.2
By State,Montana,6,44.8,40.6,49.2
By State,Montana,7,46.1,39.9,52.3
By State,Montana,8,42.7,37.8,47.8
By State,Montana,9,38.2,33.4,43.3
By State,Montana,10,39.9,35.6,44.4
By State,Montana,11,46.5,41.6,51.4
By State,Montana,12,43.1,37.1,49.3
By State,Montana,13,32.3,28.7,36.0
By State,Montana,14,33.5,29.2,38.0
By State,Montana,15,34.1,30.1,38.3
By State,Montana,16,33.6,28.8,38.7
By State,Montana,17,30.7,26.4,35.3
By State,Montana,18,35.8,29.7,42.3
By State,Montana,19,34.8,28.8,41.1
By State,Montana,20,47.1,41.6,52.7
By State,Montana,21,37.6,32.4,43.0
By State,Montana,22,33.6,28.0,39.4
By State,Montana,23,30.8,26.0,36.0
By State,Montana,24,25.1,20.6,30.1
By State,Montana,25,22.0,17.3,27.3
By State,Montana,26,26.0,21.6,30.7
By State,Montana,27,22.7,18.6,27.3
By State,Montana,28,23.2,18.5,28.3
By State,Montana,29,17.0,13.2,21.4
By State,Montana,30,22.3,16.0,29.8
By State,Montana,31,17.1,11.7,23.7
By State,Montana,32,17.9,13.5,23.0
By State,Montana,33,14.2,10.4,18.7
By State,Nebraska,1,38.5,33.5,43.7
By State,Nebraska,2,48.8,42.6,55.1
By State,Nebraska,3,47.4,41.6,53.2
By State,Nebraska,4,41.0,36.9,45.1
By State,Nebraska,5,37.1,32.7,41.7
By State,Nebraska,6,34.9,30.2,39.8
By State,Nebraska,7,40.3,34.4,46.4
By State,Nebraska,8,39.5,33.9,45.4
By State,Nebraska,9,40.3,36.0,44.7
By State,Nebraska,10,37.9,32.6,43.4
By State,Nebraska,11,38.9,34.8,43.1
By State,Nebraska,12,36.3,32.2,40.5
By State,Nebraska,13,33.6,29.8,37.5
By State,Nebraska,14,31.8,28.5,35.2
By State,Nebraska,15,30.3,26.3,34.5
By State,Nebraska,16,29.2,25.6,33.0
By State,Nebraska,17,28.3,25.2,31.6
By State,Nebraska,18,29.5,25.1,34.1
By State,Nebraska,19,34.2,29.9,38.8
By State,Nebraska,20,36.9,32.6,41.4
By State,Nebraska,21,30.6,26.9,34.5
By State,Nebraska,22,29.9,25.7,34.4
By State,Nebraska,23,30.3,25.9,35.0
By State,Nebraska,24,21.7,18.3,25.3
By State,Nebraska,25,24.5,20.8,28.5
By State,Nebraska,26,23.3,19.4,27.5
By State,Nebraska,27,21.9,18.4,25.7
By State,Nebraska,28,21.1,17.3,25.4
By State,Nebraska,29,18.8,15.8,22.2
By State,Nebraska,30,15.7,12.2,19.8
By State,Nebraska,31,16.4,12.3,21.2
By State,Nebraska,32,14.1,11.3,17.2
By State,Nebraska,33,14.3,10.5,18.8
By State,Nevada,1,46.2,41.5,51.0
By State,Nevada,2,49.4,41.9,56.8
By State,Nevada,3,42.2,36.9,47.7
By State,Nevada,4,45.0,41.3,48.8
By State,Nevada,5,41.9,37.0,46.9
By State,Nevada,6,39.1,34.2,44.2
By State,Nevada,7,44.0,38.4,49.7
By State,Nevada,8,44.1,39.2,49.1
By State,Nevada,9,49.1,43.6,54.6
By State,Nevada,10,50.0,45.6,54.4
By State,Nevada,11,44.1,38.9,49.5
By State,Nevada,12,46.8,42.5,51.0
By State,Nevada,13,39.6,36.6,42.6
By State,Nevada,14,35.8,32.4,39.3
By State,Nevada,15,37.5,33.5,41.6
By State,Nevada,16,35.1,30.8,39.7
By State,Nevada,17,37.7,32.8,42.8
By State,Nevada,18,39.0,33.1,45.1
By State,Nevada,19,35.0,31.1,39.1
By State,Nevada,20,43.7,39.0,48.6
By State,Nevada,21,38.6,34.3,43.1
By State,Nevada,22,35.6,31.0,40.4
By State,Nevada,23,41.0,35.7,46.5
By State,Nevada,24,39.2,34.0,44.6
By State,Nevada,25,31.7,27.9,35.8
By State,Nevada,26,30.7,25.8,36.1
By State,Nevada,27,32.0,27.5,36.9
By State,Nevada,28,24.3,19.9,29.2
By State,Nevada,29,23.3,19.8,27.1
By State,Nevada,30,18.8,15.5,22.6
By State,Nevada,31,24.0,19.1,29.5
By State,Nevada,32,18.9,15.6,22.7
By State,Nevada,33,21.4,16.7,26.7
By State,New Hampshire,1,43.2,39.6,47.0
By State,New Hampshire,2,46.0,40.0,52.1
By State,New Hampshire,3,46.7,40.8,52.8
By State,New Hampshire,4,48.7,44.5,52.9
By State,New Hampshire,5,43.7,39.8,47.7
By State,New Hampshire,6,39.9,35.3,44.7
By State,New Hampshire,7,49.3,43.0,55.6
By State,New Hampshire,8,48.8,43.4,54.2
By State,New Hampshire,9,45.9,40.7,51.2
By State,New Hampshire,10,38.3,33.8,42.9
By State,New Hampshire,11,40.8,35.8,46.0
By State,New Hampshire,12,40.8,35.5,46.2
By State,New Hampshire,13,35.4,30.9,40.1
By State,New Hampshire,14,40.0,36.9,43.1
By State,New Hampshire,15,33.0,29.7,36.4
By State,New Hampshire,16,32.0,27.9,36.2
By State,New Hampshire,17,28.8,24.9,32.9
By State,New Hampshire,18,34.7,29.3,40.5
By State,New Hampshire,19,31.0,26.4,35.8
By State,New Hampshire,20,36.6,32.2,41.3
By State,New Hampshire,21,32.0,27.9,36.2
By State,New Hampshire,22,38.3,33.4,43.3
By State,New Hampshire,23,36.6,31.6,41.8
By State,New Hampshire,24,29.5,24.8,34.5
By State,New Hampshire,25,27.4,22.9,32.3
By State,New Hampshire,26,27.3,23.7,31.2
By State,New Hampshire,27,22.3,18.8,26.0
By State,New Hampshire,28,19.2,16.1,22.6
By State,New Hampshire,29,18.5,15.6,21.8
By State,New Hampshire,30,13.7,10.2,18.0
By State,New Hampshire,31,17.5,13.4,22.3
By State,New Hampshire,32,18.0,14.5,22.0
By State,New Hampshire,33,16.9,12.1,22.6
By State,New Jersey,1,43.0,38.5,47.7
By State,New Jersey,2,48.8,42.8,54.8
By State,New Jersey,3,51.0,45.6,56.5
By State,New Jersey,4,47.2,42.0,52.4
By State,New Jersey,5,50.3,46.5,54.1
By State,New Jersey,6,51.0,45.6,56.3
By State,New Jersey,7,49.6,44.1,55.0
By State,New Jersey,8,49.1,44.3,53.9
By State,New Jersey,9,51.9,46.8,56.9
By State,New Jersey,10,48.3,43.6,53.0
By State,New Jersey,11,47.5,43.1,51.9
By State,New Jersey,12,43.3,38.8,47.8
By State,New Jersey,13,40.1,37.0,43.3
By State,New Jersey,14,38.4,34.8,42.2
By State,New Jersey,15,38.9,34.9,42.9
By State,New Jersey,16,34.6,31.0,38.3
By State,New Jersey,17,33.4,30.3,36.7
By State,New Jersey,18,35.5,31.4,39.8
By State,New Jersey,19,37.4,33.2,41.7
By State,New Jersey,20,43.5,38.9,48.1
By State,New Jersey,21,42.4,38.2,46.7
By State,New Jersey,22,38.1,34.1,42.2
By State,New Jersey,23,36.8,32.8,40.9
By State,New Jersey,24,33.5,29.5,37.7
By State,New Jersey,25,31.0,27.8,34.3
By State,New Jersey,26,30.3,26.8,34.0
By State,New Jersey,27,30.9,27.0,34.9
By State,New Jersey,28,26.1,22.3,30.2
By State,New Jersey,29,22.6,19.2,26.4
By State,New Jersey,30,24.8,21.4,28.4
By State,New Jersey,31,24.0,20.0,28.4
By State,New Jersey,32,21.4,17.1,26.1
By State,New Jersey,33,20.5,17.5,23.6
By State,New Mexico,1,44.1,38.8,49.6
By State,New Mexico,2,45.8,36.8,54.9
By State,New Mexico,3,48.8,43.2,54.5
By State,New Mexico,4,46.0,40.8,51.3
By State,New Mexico,5,46.8,42.1,51.6
By State,New Mexico,6,43.6,39.4,47.8
By State,New Mexico,7,42.9,37.0,49.0
By State,New Mexico,8,51.8,46.4,57.2
By State,New Mexico,9,53.7,49.1,58.3
By State,New Mexico,10,50.6,45.7,55.6
By State,New Mexico,11,48.7,43.2,54.3
By State,New Mexico,12,52.2,46.2,58.1
By State,New Mexico,13,44.1,39.2,49.1
By State,New Mexico,14,40.2,36.1,44.5
By State,New Mexico,15,42.0,37.8,46.3
By State,New Mexico,16,40.6,36.8,44.3
By State,New Mexico,17,47.0,42.2,51.9
By State,New Mexico,18,42.9,37.6,48.3
By State,New Mexico,19,49.1,44.8,53.3
By State,New Mexico,20,47.7,42.6,52.8
By State,New Mexico,21,52.5,47.9,57.1
By State,New Mexico,22,38.5,33.4,43.8
By State,New Mexico,23,39.8,34.2,45.6
By State,New Mexico,24,45.2,40.1,50.4
By State,New Mexico,25,39.1,35.1,43.1
By State,New Mexico,26,40.4,36.0,44.9
By State,New Mexico,27,37.2,32.9,41.6
By State,New Mexico,28,29.7,26.0,33.7
By State,New Mexico,29,28.0,23.6,32.6
By State,New Mexico,30,27.2,23.0,31.7
By State,New Mexico,31,24.3,20.1,28.9
By State,New Mexico,32,27.2,22.4,32.4
By State,New Mexico,33,29.2,24.8,33.9
By State,New York,1,45.2,41.6,48.8
By State,New York,2,49.1,42.8,55.4
By State,New York,3,45.4,40.6,50.4
By State,New York,4,45.2,40.9,49.5
By State,New York,5,46.8,43.1,50.5
By State,New York,6,44.9,40.6,49.2
By State,New York,7,42.2,37.3,47.1
By State,New York,8,47.8,43.6,52.0
By State,New York,9,44.8,40.6,49.1
By State,New York,10,46.7,42.8,50.6
By State,New York,11,42.2,37.9,46.7
By State,New York,12,41.8,36.3,47.4
By State,New York,13,38.9,35.5,42.3
By State,New York,14,39.3,36.1,42.7
By State,New York,15,37.0,33.4,40.6
By State,New York,16,35.6,32.2,39.1
By State,New York,17,34.6,30.7,38.7
By State,New York,18,35.8,30.8,41.1
By State,New York,19,34.0,30.0,38.1
By State,New York,20,38.7,35.0,42.5
By State,New York,21,38.2,33.3,43.2
By State,New York,22,28.7,25.3,32.3
By State,New York,23,33.8,29.2,38.5
By State,New York,24,36.2,32.2,40.4
By State,New York,25,31.3,27.2,35.6
By State,New York,26,30.9,26.7,35.3
By State,New York,27,27.7,23.7,32.1
By State,New York,28,24.3,20.8,28.1
By State,New York,29,21.9,18.0,26.2
By State,New York,30,23.9,19.9,28.2
By State,New York,31,18.9,15.2,23.1
By State,New York,32,21.4,17.9,25.2
By State,New York,33,19.7,14.9,25.2
By State,North Carolina,1,40.1,36.5,43.7
By State,North Carolina,2,45.7,40.5,50.9
By State,North Carolina,3,42.0,38.5,45.5
By State,North Carolina,4,45.6,41.1,50.2
By State,North Carolina,5,46.6,42.0,51.2
By State,North Carolina,6,38.9,34.5,43.4
By State,North Carolina,7,42.0,37.0,47.1
By State,North Carolina,8,41.4,36.4,46.4
By State,North Carolina,9,40.9,36.5,45.4
By State,North Carolina,10,44.2,40.2,48.2
By State,North Carolina,11,40.6,34.6,46.7
By State,North Carolina,12,37.0,32.6,41.6
By State,North Carolina,13,36.0,32.5,39.5
By State,North Carolina,14,33.6,30.4,36.9
By State,North Carolina,15,34.0,29.4,38.9
By State,North Carolina,16,35.9,31.7,40.3
By State,North Carolina,17,27.1,23.6,30.8
By State,North Carolina,18,31.6,26.8,36.8
By State,North Carolina,19,37.2,33.0,41.5
By State,North Carolina,20,34.7,29.3,40.4
By State,North Carolina,21,36.4,31.3,41.7
By State,North Carolina,22,34.4,29.6,39.3
By State,North Carolina,23,34.5,30.1,39.1
By State,North Carolina,24,30.9,26.0,36.2
By State,North Carolina,25,33.8,29.0,38.7
By State,North Carolina,26,25.2,21.2,29.6
By State,North Carolina,27,31.8,27.8,35.9
By State,North Carolina,28,21.7,17.0,26.9
By State,North Carolina,29,23.2,19.0,27.8
By State,North Carolina,30,19.1,15.9,22.7
By State,North Carolina,31,18.4,13.7,23.9
By State,North Carolina,32,20.7,17.2,24.5
By State,North Carolina,33,20.6,16.2,25.5
By State,North Dakota,1,33.2,28.6,38.0
By State,North Dakota,2,43.7,35.1,52.6
By State,North Dakota,3,40.2,33.3,47.4
By State,North Dakota,4,36.0,30.8,41.5
By State,North Dakota,5,34.9,29.7,40.3
By State,North Dakota,6,32.3,26.5,38.6
By State,North Dakota,7,38.4,31.4,45.7
By State,North Dakota,8,45.7,39.0,52.4
By State,North Dakota,9,38.6,32.6,44.8
By State,North Dakota,10,42.8,35.7,50.2
By State,North Dakota,11,28.1,23.7,32.8
By State,North Dakota,12,35.6,30.3,41.1
By State,North Dakota,13,28.7,24.2,33.6
By State,North Dakota,14,28.2,23.9,32.7
By State,North Dakota,15,30.4,26.2,34.8
By State,North Dakota,16,31.3,26.6,36.4
By State,North Dakota,17,27.7,23.2,32.5
By State,North Dakota,18,31.9,25.7,38.7
By State,North Dakota,19,28.7,23.5,34.4
By State,North Dakota,20,34.6,28.7,40.9
By State,North Dakota,21,29.1,24.4,34.2
By State,North Dakota,22,26.6,20.4,33.5
By State,North Dakota,23,22.1,17.8,26.9
By State,North Dakota,24,24.9,18.9,31.6
By State,North Dakota,25,19.8,15.5,24.8
By State,North Dakota,26,18.4,14.4,22.9
By State,North Dakota,27,16.5,12.7,20.9
By State,North Dakota,28,18.1,13.0,24.2
By State,North Dakota,29,18.9,14.2,24.3
By State,North Dakota,30,15.6,10.6,21.9
By State,North Dakota,31,13.6,9.0,19.4
By State,North Dakota,32,21.3,16.1,27.4
By State,North Dakota,33,16.4,12.1,21.6
By State,Ohio,1,42.1,38.0,46.3
By State,Ohio,2,45.0,39.1,51.1
By State,Ohio,3,47.5,41.5,53.5
By State,Ohio,4,41.6,36.5,46.9
By State,Ohio,5,42.8,38.1,47.5
By State,Ohio,6,46.1,40.0,52.4
By State,Ohio,7,41.1,36.3,46.1
By State,Ohio,8,41.9,37.4,46.5
By State,Ohio,9,43.8,40.4,47.3
By State,Ohio,10,43.6,38.9,48.5
By State,Ohio,11,45.2,40.6,49.9
By State,Ohio,12,44.4,39.6,49.3
By State,Ohio,13,35.4,32.0,38.9
By State,Ohio,14,34.4,29.8,39.3
By State,Ohio,15,31.9,28.5,35.5
By State,Ohio,16,34.6,30.1,39.4
By State,Ohio,17,30.8,26.2,35.6
By State,Ohio,18,34.5,29.2,40.1
By State,Ohio,19,37.7,31.9,43.7
By State,Ohio,20,35.3,30.6,40.2
By State,Ohio,21,39.6,34.8,44.6
By State,Ohio,22,37.6,33.0,42.3
By State,Ohio,23,31.4,26.6,36.5
By State,Ohio,24,34.2,29.1,39.7
By State,Ohio,25,27.8,24.1,31.8
By State,Ohio,26,29.9,24.6,35.7
By State,Ohio,27,27.5,22.8,32.6
By State,Ohio,28,19.0,14.7,23.9
By State,Ohio,29,20.1,16.3,24.3
By State,Ohio,30,21.9,18.4,25.9
By State,Ohio,31,16.6,13.7,19.8
By State,Ohio,32,14.0,11.0,17.6
By State,Ohio,33,18.7,14.8,23.2
By State,Oklahoma,1,46.6,41.2,52.1
By State,Oklahoma,2,41.3,34.1,48.8
By State,Oklahoma,3,35.7,30.7,40.9
By State,Oklahoma,4,44.6,39.5,49.8
By State,Oklahoma,5,40.4,35.5,45.4
By State,Oklahoma,6,39.6,35.1,44.3
By State,Oklahoma,7,42.6,36.9,48.4
By State,Oklahoma,8,46.4,41.4,51.4
By State,Oklahoma,9,45.4,39.7,51.2
By State,Oklahoma,10,42.8,38.0,47.8
By State,Oklahoma,11,42.8,38.2,47.4
By State,Oklahoma,12,43.8,39.2,48.4
By State,Oklahoma,13,36.4,32.6,40.3
By State,Oklahoma,14,32.9,29.0,36.9
By State,Oklahoma,15,34.1,30.5,37.8
By State,Oklahoma,16,34.7,30.5,39.2
By State,Oklahoma,17,31.3,28.0,34.9
By State,Oklahoma,18,38.1,32.6,43.8
By State,Oklahoma,19,37.8,33.8,41.9
By State,Oklahoma,20,40.7,36.2,45.4
By State,Oklahoma,21,40.1,34.8,45.5
By State,Oklahoma,22,33.9,28.3,39.7
By State,Oklahoma,23,36.5,31.4,41.7
By State,Oklahoma,24,35.3,31.8,38.8
By State,Oklahoma,25,36.3,30.8,42.1
By State,Oklahoma,26,32.4,28.0,37.0
By State,Oklahoma,27,36.1,30.8,41.6
By State,Oklahoma,28,20.3,16.3,24.7
By State,Oklahoma,29,23.5,19.2,28.2
By State,Oklahoma,30,19.9,15.4,25.0
By State,Oklahoma,31,21.3,17.0,26.2
By State,Oklahoma,32,20.4,16.2,25.1
By State,Oklahoma,33,20.4,15.0,26.7
By State,Oregon,1,47.4,43.3,51.4
By State,Oregon,2,56.5,51.8,61.2
By State,Oregon,3,51.7,46.9,56.4
By State,Oregon,4,46.9,42.7,51.1
By State,Oregon,5,50.3,46.4,54.2
By State,Oregon,6,49.7,46.1,53.2
By State,Oregon,7,48.2,43.8,52.5
By State,Oregon,8,48.3,43.3,53.4
By State,Oregon,9,46.3,41.7,51.0
By State,Oregon,10,51.0,47.0,55.0
By State,Oregon,11,49.9,45.6,54.3
By State,Oregon,12,51.0,46.4,55.6
By State,Oregon,13,41.8,39.3,44.3
By State,Oregon,14,43.3,40.4,46.1
By State,Oregon,15,42.4,39.7,45.2
By State,Oregon,16,38.2,35.6,40.8
By State,Oregon,17,38.4,34.6,42.4
By State,Oregon,18,38.2,34.7,41.9
By State,Oregon,19,40.8,37.8,43.8
By State,Oregon,20,38.9,35.3,42.6
By State,Oregon,21,44.8,41.3,48.3
By State,Oregon,22,39.3,34.7,43.9
By State,Oregon,23,36.3,32.8,39.8
By State,Oregon,24,41.1,38.4,43.9
By State,Oregon,25,36.5,33.6,39.6
By State,Oregon,26,36.9,33.5,40.4
By State,Oregon,27,30.7,27.5,34.0
By State,Oregon,28,27.3,24.1,30.7
By State,Oregon,29,28.4,25.7,31.2
By State,Oregon,30,27.2,25.0,29.4
By State,Oregon,31,23.5,20.5,26.6
By State,Oregon,32,23.2,19.7,26.9
By State,Oregon,33,25.9,22.6,29.5
By State,Pennsylvania,1,42.9,39.5,46.4
By State,Pennsylvania,2,45.9,40.4,51.5
By State,Pennsylvania,3,43.1,38.3,48.0
By State,Pennsylvania,4,46.5,41.3,51.8
By State,Pennsylvania,5,49.2,45.2,53.1
By State,Pennsylvania,6,44.6,38.8,50.6
By State,Pennsylvania,7,49.4,44.2,54.6
By State,Pennsylvania,8,48.1,43.2,53.0
By State,Pennsylvania,9,44.6,39.9,49.3
By State,Pennsylvania,10,47.6,42.4,52.8
By State,Pennsylvania,11,41.3,36.6,46.1
By State,Pennsylvania,12,44.2,39.8,48.7
By State,Pennsylvania,13,37.7,34.7,40.7
By State,Pennsylvania,14,36.2,33.3,39.1
By State,Pennsylvania,15,33.2,30.0,36.5
By State,Pennsylvania,16,31.7,28.5,34.9
By State,Pennsylvania,17,32.7,29.1,36.5
By State,Pennsylvania,18,31.2,27.5,35.0
By State,Pennsylvania,19,33.2,29.8,36.8
By State,Pennsylvania,20,35.4,32.1,38.8
By State,Pennsylvania,21,36.0,31.5,40.7
By State,Pennsylvania,22,34.2,29.9,38.6
By State,Pennsylvania,23,31.9,27.6,36.5
By State,Pennsylvania,24,31.5,27.7,35.4
By State,Pennsylvania,25,29.9,26.6,33.4
By State,Pennsylvania,26,27.2,23.4,31.3
By State,Pennsylvania,27,30.4,26.8,34.3
By State,Pennsylvania,28,22.0,19.2,25.0
By State,Pennsylvania,29,22.4,19.3,25.6
By State,Pennsylvania,30,20.9,17.5,24.5
By State,Pennsylvania,31,13.8,11.3,16.5
By State,Pennsylvania,32,18.2,15.5,21.2
By State,Pennsylvania,33,19.0,14.8,23.9
By State,Rhode Island,1,44.2,38.9,49.6
By State,Rhode Island,2,46.2,39.7,52.7
By State,Rhode Island,3,44.4,38.5,50.3
By State,Rhode Island,4,41.7,35.5,48.1
By State,Rhode Island,5,43.6,38.6,48.6
By State,Rhode Island,6,41.6,35.6,47.8
By State,Rhode Island,7,41.8,35.1,48.6
By State,Rhode Island,8,36.7,31.2,42.4
By State,Rhode Island,9,39.8,34.9,44.9
By State,Rhode Island,10,43.9,38.0,50.0
By State,Rhode Island,11,54.8,48.6,61.0
By State,Rhode Island,12,40.2,33.8,46.8
By State,Rhode Island,13,37.2,32.5,42.2
By State,Rhode Island,14,41.4,36.8,46.2
By State,Rhode Island,15,36.9,31.9,42.2
By State,Rhode Island,16,31.3,27.0,35.7
By State,Rhode Island,17,35.1,30.3,40.2
By State,Rhode Island,18,34.1,28.3,40.2
By State,Rhode Island,19,36.6,30.5,43.0
By State,Rhode Island,20,38.6,33.1,44.4
By State,Rhode Island,21,37.2,31.4,43.2
By State,Rhode Island,22,34.2,28.9,39.7
By State,Rhode Island,23,28.6,23.7,34.0
By State,Rhode Island,24,28.6,23.2,34.3
By State,Rhode Island,25,30.2,25.5,35.3
By State,Rhode Island,26,32.2,27.1,37.6
By State,Rhode Island,27,27.6,20.9,35.2
By State,Rhode Island,28,27.3,21.9,33.2
By State,Rhode Island,29,20.5,16.7,24.8
By State,Rhode Island,30,17.7,13.1,23.0
By State,Rhode Island,31,22.7,15.2,31.8
By State,Rhode Island,32,24.6,17.0,33.6
By State,Rhode Island,33,15.9,10.4,22.8
By State,South Carolina,1,44.6,39.7,49.6
By State,South Carolina,2,45.7,38.8,52.7
By State,South Carolina,3,43.4,37.6,49.3
By State,South Carolina,4,40.4,35.7,45.2
By State,South Carolina,5,39.6,34.3,45.0
By State,South Carolina,6,40.1,35.5,44.8
By State,South Carolina,7,43.9,37.8,50.2
By State,South Carolina,8,34.5,28.8,40.7
By State,South Carolina,9,47.0,41.8,52.3
By State,South Carolina,10,42.7,38.6,46.9
By State,South Carolina,11,45.3,38.8,52.0
By State,South Carolina,12,45.6,40.5,50.8
By State,South Carolina,13,31.3,28.2,34.7
By State,South Carolina,14,36.0,31.9,40.4
By State,South Carolina,15,34.6,30.1,39.4
By State,South Carolina,16,34.2,30.1,38.5
By State,South Carolina,17,36.1,31.5,40.8
By State,South Carolina,18,33.9,28.8,39.3
By State,South Carolina,19,38.6,32.6,44.9
By State,South Carolina,20,31.4,26.8,36.4
By State,South Carolina,21,35.2,29.7,41.0
By State,South Carolina,22,32.8,27.9,38.0
By State,South Carolina,23,27.7,23.8,31.9
By State,South Carolina,24,32.9,28.5,37.7
By State,South Carolina,25,27.1,23.1,31.5
By State,South Carolina,26,27.7,23.8,31.9
By State,South Carolina,27,24.5,20.3,29.1
By State,South Carolina,28,13.0,9.9,16.6
By State,South Carolina,29,17.8,14.2,21.8
By State,South Carolina,30,18.3,14.2,22.9
By State,South Carolina,31,17.5,13.4,22.3
By State,South Carolina,32,19.0,14.6,24.1
By State,South Carolina,33,15.0,10.8,20.2
By State,South Dakota,1,45.5,39.3,51.9
By State,South Dakota,2,41.3,32.6,50.4
By State,South Dakota,3,38.1,32.0,44.5
By State,South Dakota,4,39.3,33.5,45.3
By State,South Dakota,5,41.2,36.5,46.0
By State,South Dakota,6,41.1,34.5,48.0
By State,South Dakota,7,38.7,31.1,46.7
By State,South Dakota,8,38.0,33.1,43.1
By State,South Dakota,9,38.8,32.6,45.3
By State,South Dakota,10,40.6,33.8,47.6
By State,South Dakota,11,42.5,36.9,48.3
By State,South Dakota,12,40.5,33.1,48.1
By State,South Dakota,13,27.0,22.9,31.4
By State,South Dakota,14,27.2,23.7,31.0
By State,South Dakota,15,25.5,22.5,28.6
By State,South Dakota,16,26.7,22.7,31.0
By State,South Dakota,17,29.4,25.5,33.6
By State,South Dakota,18,31.6,26.7,36.8
By State,South Dakota,19,33.4,28.2,38.9
By State,South Dakota,20,34.1,28.8,39.8
By State,South Dakota,21,36.1,30.0,42.5
By State,South Dakota,22,25.8,21.7,30.3
By State,South Dakota,23,24.9,19.5,30.9
By State,South Dakota,24,27.3,22.3,32.8
By State,South Dakota,25,25.1,20.1,30.6
By State,South Dakota,26,21.7,17.6,26.3
By State,South Dakota,27,23.0,17.8,28.8
By State,South Dakota,28,16.4,12.0,21.6
By State,South Dakota,29,23.8,18.2,30.3
By State,South Dakota,30,15.5,10.8,21.3
By State,South Dakota,31,13.2,8.7,18.9
By State,South Dakota,32,14.6,10.2,20.0
By State,South Dakota,33,12.5,7.8,18.5
By State,Tennessee,1,42.9,38.6,47.2
By State,Tennessee,2,47.2,39.0,55.4
By State,Tennessee,3,44.6,39.6,49.6
By State,Tennessee,4,42.8,38.6,47.0
By State,Tennessee,5,38.0,34.7,41.4
By State,Tennessee,6,43.3,38.9,47.8
By State,Tennessee,7,43.6,37.5,49.9
By State,Tennessee,8,39.2,34.5,44.0
By State,Tennessee,9,45.9,39.4,52.5
By State,Tennessee,10,41.7,37.3,46.3
By State,Tennessee,11,39.9,35.7,44.3
By State,Tennessee,12,44.8,38.9,50.8
By State,Tennessee,13,36.3,33.1,39.5
By State,Tennessee,14,32.8,29.8,35.9
By State,Tennessee,15,31.6,28.0,35.3
By State,Tennessee,16,32.8,29.1,36.6
By State,Tennessee,17,31.4,27.1,35.9
By State,Tennessee,18,27.7,24.1,31.5
By State,Tennessee,19,32.5,28.6,36.6
By State,Tennessee,20,31.6,27.9,35.6
By State,Tennessee,21,39.1,34.6,43.7
By State,Tennessee,22,32.5,28.3,37.1
By State,Tennessee,23,36.8,32.2,41.6
By State,Tennessee,24,34.1,30.1,38.2
By State,Tennessee,25,32.6,28.9,36.5
By State,Tennessee,26,28.8,24.3,33.6
By State,Tennessee,27,27.9,23.2,33.0
By State,Tennessee,28,22.5,18.2,27.2
By State,Tennessee,29,22.5,18.4,27.1
By State,Tennessee,30,17.5,14.3,21.2
By State,Tennessee,31,17.1,13.2,21.5
By State,Tennessee,32,18.0,13.8,22.9
By State,Tennessee,33,17.6,14.1,21.6
By State,Texas,1,40.6,37.2,44.0
By State,Texas,2,39.7,34.9,44.7
By State,Texas,3,41.2,37.8,44.6
By State,Texas,4,43.7,39.9,47.6
By State,Texas,5,43.8,40.9,46.8
By State,Texas,6,44.2,41.1,47.3
By State,Texas,7,42.8,38.6,47.1
By State,Texas,8,43.4,40.4,46.4
By State,Texas,9,42.5,38.7,46.4
By State,Texas,10,42.4,39.0,45.8
By State,Texas,11,44.6,41.0,48.3
By State,Texas,12,45.8,41.9,49.6
By State,Texas,13,39.8,37.6,42.1
By State,Texas,14,37.5,34.4,40.6
By State,Texas,15,36.3,33.6,39.1
By State,Texas,16,36.5,33.8,39.2
By State,Texas,17,40.8,37.7,43.9
By State,Texas,18,40.0,36.6,43.4
By State,Texas,19,40.1,36.6,43.6
By State,Texas,20,37.7,34.8,40.7
By State,Texas,21,41.4,38.4,44.5
By State,Texas,22,37.4,33.6,41.2
By State,Texas,23,36.7,33.4,40.2
By State,Texas,24,35.5,32.6,38.5
By State,Texas,25,33.9,30.8,37.2
By State,Texas,26,31.4,28.3,34.7
By State,Texas,27,29.5,25.4,33.8
By State,Texas,28,26.0,22.3,30.0
By State,Texas,29,24.5,21.7,27.5
By State,Texas,30,21.5,18.9,24.4
By State,Texas,31,23.2,20.1,26.7
By State,Texas,32,19.4,17.1,22.0
By State,Texas,33,19.8,16.7,23.3
By State,Utah,1,43.3,39.2,47.4
By State,Utah,2,39.2,34.5,44.0
By State,Utah,3,37.2,32.3,42.3
By State,Utah,4,41.1,37.3,45.0
By State,Utah,5,43.1,38.9,47.4
By State,Utah,6,38.4,34.4,42.5
By State,Utah,7,40.9,35.5,46.4
By State,Utah,8,42.3,38.4,46.3
By State,Utah,9,43.2,39.1,47.4
By State,Utah,10,39.0,34.9,43.2
By State,Utah,11,40.9,36.8,45.1
By State,Utah,12,37.9,33.9,41.9
By State,Utah,13,32.7,30.0,35.5
By State,Utah,14,31.6,28.6,34.7
By State,Utah,15,31.5,29.3,33.8
By State,Utah,16,31.3,28.8,33.8
By State,Utah,17,30.6,27.7,33.6
By State,Utah,18,30.3,26.9,33.9
By State,Utah,19,32.8,29.4,36.4
By State,Utah,20,41.0,37.1,45.0
By State,Utah,21,36.2,32.7,39.8
By State,Utah,22,30.9,27.6,34.2
By State,Utah,23,31.5,28.4,34.7
By State,Utah,24,28.5,25.4,31.8
By State,Utah,25,27.0,23.8,30.5
By State,Utah,26,25.2,22.1,28.5
By State,Utah,27,22.5,19.8,25.3
By State,Utah,28,16.1,12.3,20.4
By State,Utah,29,18.4,16.1,20.9
By State,Utah,30,15.6,13.0,18.5
By State,Utah,31,16.0,13.5,18.8
By State,Utah,32,16.3,13.4,19.5
By State,Utah,33,12.8,10.8,15.0
By State,Vermont,1,48.5,43.8,53.2
By State,Vermont,2,47.1,37.6,56.7
By State,Vermont,3,52.5,47.0,57.9
By State,Vermont,4,45.2,39.0,51.4
By State,Vermont,5,44.3,38.2,50.6
By State,Vermont,6,48.0,40.8,55.3
By State,Vermont,7,45.6,38.8,52.4
By State,Vermont,8,49.0,43.1,54.8
By State,Vermont,9,47.1,40.1,54.2
By State,Vermont,10,50.5,43.5,57.4
By State,Vermont,11,44.7,39.4,50.1
By State,Vermont,12,45.7,39.8,51.7
By State,Vermont,13,35.5,30.3,40.9
By State,Vermont,14,33.7,29.6,38.1
By State,Vermont,15,28.6,23.4,34.1
By State,Vermont,16,39.6,33.9,45.5
By State,Vermont,17,33.1,27.8,38.7
By State,Vermont,18,35.8,30.0,41.8
By State,Vermont,19,32.8,26.3,39.8
By State,Vermont,20,38.3,32.8,43.9
By State,Vermont,21,39.9,33.6,46.4
By State,Vermont,22,29.9,24.6,35.7
By State,Vermont,23,32.1,27.7,36.8
By State,Vermont,24,33.8,28.2,39.8
By State,Vermont,25,29.0,23.9,34.5
By State,Vermont,26,26.4,21.6,31.6
By State,Vermont,27,27.8,22.6,33.6
By State,Vermont,28,22.8,17.7,28.6
By State,Vermont,29,22.8,17.3,29.1
By State,Vermont,30,15.6,11.9,19.9
By State,Vermont,31,20.4,13.9,28.3
By State,Vermont,32,16.9,12.1,22.6
By State,Vermont,33,16.3,11.8,21.5
By State,Virginia,1,47.0,43.3,50.8
By State,Virginia,2,50.4,44.1,56.6
By State,Virginia,3,44.6,40.2,49.1
By State,Virginia,4,44.6,40.8,48.5
By State,Virginia,5,40.9,37.1,44.8
By State,Virginia,6,41.4,36.5,46.4
By State,Virginia,7,45.0,39.8,50.4
By State,Virginia,8,48.7,42.6,54.8
By State,Virginia,9,42.3,38.4,46.3
By State,Virginia,10,47.5,43.1,51.8
By State,Virginia,11,52.1,47.2,57.1
By State,Virginia,12,50.2,45.4,54.9
By State,Virginia,13,38.4,35.1,41.7
By State,Virginia,14,39.7,36.6,42.8
By State,Virginia,15,35.7,32.4,39.1
By State,Virginia,16,35.8,32.6,39.2
By State,Virginia,17,35.4,31.9,39.0
By State,Virginia,18,32.2,28.1,36.4
By State,Virginia,19,38.4,34.1,42.7
By State,Virginia,20,35.9,31.5,40.5
By State,Virginia,21,38.5,35.2,42.0
By State,Virginia,22,36.9,33.0,40.9
By State,Virginia,23,38.2,34.2,42.2
By State,Virginia,24,34.7,31.0,38.5
By State,Virginia,25,29.9,25.7,34.4
By State,Virginia,26,30.3,27.2,33.5
By State,Virginia,27,26.7,22.8,30.9
By State,Virginia,28,21.4,18.2,25.0
By State,Virginia,29,20.5,17.3,24.1
By State,Virginia,30,23.2,20.2,26.3
By State,Virginia,31,20.3,16.8,24.2
By State,Virginia,32,16.1,13.9,18.6
By State,Virginia,33,17.3,13.6,21.6
By State,Washington,1,47.7,44.7,50.8
By State,Washington,2,50.9,46.4,55.5
By State,Washington,3,48.4,44.0,52.9
By State,Washington,4,43.5,39.9,47.2
By State,Washington,5,47.5,43.7,51.3
By State,Washington,6,45.8,41.8,49.9
By State,Washington,7,50.8,46.7,54.9
By State,Washington,8,51.4,46.8,56.0
By State,Washington,9,49.9,46.0,53.7
By State,Washington,10,48.7,44.4,53.1
By State,Washington,11,47.3,44.4,50.3
By State,Washington,12,51.5,47.1,56.0
By State,Washington,13,40.0,37.3,42.8
By State,Washington,14,40.3,37.9,42.6
By State,Washington,15,39.2,36.8,41.7
By State,Washington,16,39.1,36.2,42.0
By State,Washington,17,38.5,35.7,41.3
By State,Washington,18,36.6,33.4,39.8
By State,Washington,19,36.8,34.4,39.3
By State,Washington,20,38.9,35.4,42.5
By State,Washington,21,41.6,38.2,45.1
By State,Washington,22,38.7,36.1,41.3
By State,Washington,23,39.8,36.8,42.9
By State,Washington,24,39.1,35.8,42.4
By State,Washington,25,32.7,29.8,35.6
By State,Washington,26,32.3,29.2,35.6
By State,Washington,27,32.6,29.2,36.1
By State,Washington,28,24.9,22.6,27.2
By State,Washington,29,24.4,21.6,27.3
By State,Washington,30,21.8,19.3,24.5
By State,Washington,31,26.6,23.1,30.4
By State,Washington,32,22.3,19.7,25.0
By State,Washington,33,21.7,18.8,24.9
By State,West Virginia,1,43.7,38.4,49.0
By State,West Virginia,2,45.6,38.4,53.0
By State,West Virginia,3,34.9,29.1,41.0
By State,West Virginia,4,43.0,36.0,50.2
By State,West Virginia,5,45.7,39.8,51.7
By State,West Virginia,6,42.1,35.1,49.4
By State,West Virginia,7,51.9,44.7,59.0
By State,West Virginia,8,43.0,37.6,48.5
By State,West Virginia,9,48.7,42.5,55.0
By State,West Virginia,10,41.9,35.7,48.3
By State,West Virginia,11,48.8,43.6,54.1
By State,West Virginia,12,42.2,33.7,51.0
By State,West Virginia,13,33.2,28.5,38.2
By State,West Virginia,14,36.2,31.6,41.0
By State,West Virginia,15,36.1,30.6,41.7
By State,West Virginia,16,35.4,30.2,40.9
By State,West Virginia,17,35.7,31.1,40.5
By State,West Virginia,18,30.3,24.2,37.0
By State,West Virginia,19,28.9,23.9,34.4
By State,West Virginia,20,32.3,26.8,38.3
By State,West Virginia,21,44.7,38.6,51.0
By State,West Virginia,22,41.0,34.6,47.5
By State,West Virginia,23,36.3,30.3,42.7
By State,West Virginia,24,40.6,35.1,46.2
By State,West Virginia,25,30.7,24.6,37.3
By State,West Virginia,26,31.2,25.5,37.4
By State,West Virginia,27,32.6,26.4,39.3
By State,West Virginia,28,24.9,20.0,30.3
By State,West Virginia,29,18.9,14.7,23.7
By State,West Virginia,30,16.9,13.4,20.8
By State,West Virginia,31,18.5,13.6,24.4
By State,West Virginia,32,20.4,14.5,27.4
By State,West Virginia,33,15.9,12.2,20.1
By State,Wisconsin,1,45.3,41.7,49.0
By State,Wisconsin,2,46.6,39.4,54.0
By State,Wisconsin,3,42.9,38.0,47.9
By State,Wisconsin,4,45.9,41.1,50.8
By State,Wisconsin,5,44.5,40.2,48.9
By State,Wisconsin,6,42.1,37.6,46.6
By State,Wisconsin,7,50.0,44.9,55.2
By State,Wisconsin,8,46.5,41.1,52.0
By State,Wisconsin,9,44.2,38.7,49.7
By State,Wisconsin,10,43.5,39.4,47.7
By State,Wisconsin,11,41.9,36.0,47.9
By State,Wisconsin,12,39.2,34.6,44.1
By State,Wisconsin,13,35.0,31.7,38.5
By State,Wisconsin,14,32.5,29.4,35.8
By State,Wisconsin,15,32.3,28.8,36.0
By State,Wisconsin,16,30.0,26.8,33.5
By State,Wisconsin,17,31.0,27.5,34.6
By State,Wisconsin,18,36.6,30.2,43.4
By State,Wisconsin,19,37.5,32.8,42.4
By State,Wisconsin,20,32.7,28.9,36.8
By State,Wisconsin,21,34.2,30.1,38.6
By State,Wisconsin,22,29.6,26.3,33.0
By State,Wisconsin,23,30.2,26.1,34.5
By State,Wisconsin,24,26.8,23.3,30.6
By State,Wisconsin,25,25.4,21.8,29.1
By State,Wisconsin,26,26.2,22.2,30.5
By State,Wisconsin,27,22.5,18.5,26.9
By State,Wisconsin,28,21.9,18.5,25.6
By State,Wisconsin,29,17.2,14.2,20.5
By State,Wisconsin,30,14.9,12.1,18.1
By State,Wisconsin,31,16.3,13.0,20.0
By State,Wisconsin,32,14.0,10.6,17.9
By State,Wisconsin,33,10.6,8.1,13.5
By State,Wyoming,1,39.3,34.3,44.5
By State,Wyoming,2,44.8,37.5,52.2
By State,Wyoming,3,48.9,42.3,55.5
By State,Wyoming,4,46.1,40.7,51.5
By State,Wyoming,5,45.7,38.9,52.6
By State,Wyoming,6,36.9,30.8,43.3
By State,Wyoming,7,51.3,42.7,59.8
By State,Wyoming,8,37.8,31.9,44.0
By State,Wyoming,9,37.1,31.1,43.4
By State,Wyoming,10,41.7,35.7,47.9
By State,Wyoming,11,34.9,29.9,40.0
By State,Wyoming,12,43.8,36.9,51.0
By State,Wyoming,13,31.4,26.8,36.3
By State,Wyoming,14,30.5,26.3,35.0
By State,Wyoming,15,28.4,24.3,32.8
By State,Wyoming,16,27.2,22.9,31.8
By State,Wyoming,17,32.4,26.9,38.2
By State,Wyoming,18,33.7,27.1,40.9
By State,Wyoming,19,32.8,28.2,37.7
By State,Wyoming,20,39.5,34.0,45.3
By State,Wyoming,21,37.3,31.1,43.8
By State,Wyoming,22,31.6,25.7,37.9
By State,Wyoming,23,27.6,22.3,33.5
By State,Wyoming,24,30.7,25.7,36.1
By State,Wyoming,25,23.0,17.5,29.3
By State,Wyoming,26,26.8,22.3,31.6
By State,Wyoming,27,27.7,23.2,32.7
By State,Wyoming,28,19.9,14.5,26.2
By State,Wyoming,29,14.8,10.2,20.3
By State,Wyoming,30,13.1,9.0,18.3
By State,Wyoming,31,14.6,8.3,23.0
By State,Wyoming,32,17.3,12.2,23.5
By State,Wyoming,33,11.6,8.1,15.9
National Estimate,United States,1,43.7,43.1,44.3
National Estimate,United States,2,45.5,44.4,46.7
National Estimate,United States,3,44.8,44.0,45.6
National Estimate,United States,4,44.9,44.1,45.8
National Estimate,United States,5,45.5,44.9,46.1
National Estimate,United States,6,44.5,43.7,45.3
National Estimate,United States,7,44.9,44.1,45.8
National Estimate,United States,8,45.5,44.6,46.4
National Estimate,United States,9,45.7,45.0,46.4
National Estimate,United States,10,44.5,43.6,45.3
National Estimate,United States,11,45.1,44.3,45.8
National Estimate,United States,12,44.4,43.5,45.2
National Estimate,United States,13,39.1,38.6,39.6
National Estimate,United States,14,37.7,36.9,38.5
National Estimate,United States,15,36.4,35.7,37.0
National Estimate,United States,16,35.4,34.7,36.1
National Estimate,United States,17,35.2,34.3,36.1
National Estimate,United States,18,36.0,35.2,36.8
National Estimate,United States,19,37.0,36.2,37.9
National Estimate,United States,20,37.1,36.4,37.9
National Estimate,United States,21,39.5,38.7,40.2
National Estimate,United States,22,35.3,34.6,36.0
National Estimate,United States,23,35.6,34.8,36.4
National Estimate,United States,24,34.1,33.4,34.8
National Estimate,United States,25,31.8,31.2,32.5
National Estimate,United States,26,30.6,29.9,31.2
National Estimate,United States,27,28.9,28.1,29.6
National Estimate,United States,28,24.0,23.5,24.5
National Estimate,United States,29,22.5,21.8,23.3
National Estimate,United States,30,21.5,20.8,22.1
National Estimate,United States,31,20.2,19.5,20.9
National Estimate,United States,32,19.5,18.9,20.1
National Estimate,United States,33,18.6,17.8,19.5
